A;hepes;;;;9;;;;;
D;96wellrxnplate;;;0;9;;;;;
W;
A;hepes;;;;5;;;;;
D;96wellrxnplate;;;1;5;;;;;
W;
A;hepes;;;;5;;;;;
D;96wellrxnplate;;;2;5;;;;;
W;
A;hepes;;;;7;;;;;
D;96wellrxnplate;;;3;7;;;;;
W;
A;hepes;;;;5;;;;;
D;96wellrxnplate;;;4;5;;;;;
W;
A;hepes;;;;8;;;;;
D;96wellrxnplate;;;5;8;;;;;
W;
A;hepes;;;;5;;;;;
D;96wellrxnplate;;;6;5;;;;;
W;
A;hepes;;;;9;;;;;
D;96wellrxnplate;;;7;9;;;;;
W;
A;hepes;;;;3;;;;;
D;96wellrxnplate;;;8;3;;;;;
W;
A;hepes;;;;8;;;;;
D;96wellrxnplate;;;9;8;;;;;
W;
A;hepes;;;;7;;;;;
D;96wellrxnplate;;;10;7;;;;;
W;
A;hepes;;;;6;;;;;
D;96wellrxnplate;;;11;6;;;;;
W;
A;hepes;;;;9;;;;;
D;96wellrxnplate;;;12;9;;;;;
W;
A;hepes;;;;4;;;;;
D;96wellrxnplate;;;13;4;;;;;
W;
A;hepes;;;;4;;;;;
D;96wellrxnplate;;;14;4;;;;;
W;
A;hepes;;;;3;;;;;
D;96wellrxnplate;;;15;3;;;;;
W;
A;hepes;;;;9;;;;;
D;96wellrxnplate;;;16;9;;;;;
W;
A;hepes;;;;3;;;;;
D;96wellrxnplate;;;17;3;;;;;
W;
A;hepes;;;;5;;;;;
D;96wellrxnplate;;;18;5;;;;;
W;
A;hepes;;;;8;;;;;
D;96wellrxnplate;;;19;8;;;;;
W;
A;hepes;;;;7;;;;;
D;96wellrxnplate;;;20;7;;;;;
W;
A;hepes;;;;5;;;;;
D;96wellrxnplate;;;21;5;;;;;
W;
A;hepes;;;;3;;;;;
D;96wellrxnplate;;;22;3;;;;;
W;
A;hepes;;;;7;;;;;
D;96wellrxnplate;;;23;7;;;;;
W;
A;hepes;;;;5;;;;;
D;96wellrxnplate;;;24;5;;;;;
W;
A;hepes;;;;5;;;;;
D;96wellrxnplate;;;25;5;;;;;
W;
A;hepes;;;;3;;;;;
D;96wellrxnplate;;;26;3;;;;;
W;
A;hepes;;;;3;;;;;
D;96wellrxnplate;;;27;3;;;;;
W;
A;hepes;;;;3;;;;;
D;96wellrxnplate;;;28;3;;;;;
W;
A;hepes;;;;8;;;;;
D;96wellrxnplate;;;29;8;;;;;
W;
A;hepes;;;;7;;;;;
D;96wellrxnplate;;;30;7;;;;;
W;
A;hepes;;;;3;;;;;
D;96wellrxnplate;;;31;3;;;;;
W;
A;hepes;;;;4;;;;;
D;96wellrxnplate;;;32;4;;;;;
W;
A;hepes;;;;5;;;;;
D;96wellrxnplate;;;33;5;;;;;
W;
A;hepes;;;;6;;;;;
D;96wellrxnplate;;;34;6;;;;;
W;
A;hepes;;;;3;;;;;
D;96wellrxnplate;;;35;3;;;;;
W;
A;hepes;;;;6;;;;;
D;96wellrxnplate;;;36;6;;;;;
W;
A;hepes;;;;9;;;;;
D;96wellrxnplate;;;37;9;;;;;
W;
A;hepes;;;;6;;;;;
D;96wellrxnplate;;;38;6;;;;;
W;
A;hepes;;;;7;;;;;
D;96wellrxnplate;;;39;7;;;;;
W;
A;hepes;;;;4;;;;;
D;96wellrxnplate;;;40;4;;;;;
W;
A;hepes;;;;5;;;;;
D;96wellrxnplate;;;41;5;;;;;
W;
A;hepes;;;;5;;;;;
D;96wellrxnplate;;;42;5;;;;;
W;
A;hepes;;;;3;;;;;
D;96wellrxnplate;;;43;3;;;;;
W;
A;hepes;;;;7;;;;;
D;96wellrxnplate;;;44;7;;;;;
W;
A;hepes;;;;4;;;;;
D;96wellrxnplate;;;45;4;;;;;
W;
A;hepes;;;;7;;;;;
D;96wellrxnplate;;;46;7;;;;;
W;
A;hepes;;;;6;;;;;
D;96wellrxnplate;;;47;6;;;;;
W;
A;hepes;;;;3;;;;;
D;96wellrxnplate;;;48;3;;;;;
W;
A;hepes;;;;3;;;;;
D;96wellrxnplate;;;49;3;;;;;
W;
A;hepes;;;;9;;;;;
D;96wellrxnplate;;;50;9;;;;;
W;
A;hepes;;;;3;;;;;
D;96wellrxnplate;;;51;3;;;;;
W;
A;hepes;;;;8;;;;;
D;96wellrxnplate;;;52;8;;;;;
W;
A;hepes;;;;8;;;;;
D;96wellrxnplate;;;53;8;;;;;
W;
A;hepes;;;;6;;;;;
D;96wellrxnplate;;;54;6;;;;;
W;
A;hepes;;;;5;;;;;
D;96wellrxnplate;;;55;5;;;;;
W;
A;hepes;;;;4;;;;;
D;96wellrxnplate;;;56;4;;;;;
W;
A;hepes;;;;9;;;;;
D;96wellrxnplate;;;57;9;;;;;
W;
A;hepes;;;;9;;;;;
D;96wellrxnplate;;;58;9;;;;;
W;
A;hepes;;;;7;;;;;
D;96wellrxnplate;;;59;7;;;;;
W;
A;hepes;;;;3;;;;;
D;96wellrxnplate;;;60;3;;;;;
W;
A;hepes;;;;9;;;;;
D;96wellrxnplate;;;61;9;;;;;
W;
A;hepes;;;;4;;;;;
D;96wellrxnplate;;;62;4;;;;;
W;
A;hepes;;;;7;;;;;
D;96wellrxnplate;;;63;7;;;;;
W;
A;hepes;;;;5;;;;;
D;96wellrxnplate;;;64;5;;;;;
W;
A;hepes;;;;6;;;;;
D;96wellrxnplate;;;65;6;;;;;
W;
A;hepes;;;;9;;;;;
D;96wellrxnplate;;;66;9;;;;;
W;
A;hepes;;;;5;;;;;
D;96wellrxnplate;;;67;5;;;;;
W;
A;hepes;;;;4;;;;;
D;96wellrxnplate;;;68;4;;;;;
W;
A;hepes;;;;5;;;;;
D;96wellrxnplate;;;69;5;;;;;
W;
A;hepes;;;;3;;;;;
D;96wellrxnplate;;;70;3;;;;;
W;
A;hepes;;;;6;;;;;
D;96wellrxnplate;;;71;6;;;;;
W;
A;hepes;;;;3;;;;;
D;96wellrxnplate;;;72;3;;;;;
W;
A;hepes;;;;5;;;;;
D;96wellrxnplate;;;73;5;;;;;
W;
A;hepes;;;;3;;;;;
D;96wellrxnplate;;;74;3;;;;;
W;
A;hepes;;;;7;;;;;
D;96wellrxnplate;;;75;7;;;;;
W;
A;hepes;;;;3;;;;;
D;96wellrxnplate;;;76;3;;;;;
W;
A;hepes;;;;3;;;;;
D;96wellrxnplate;;;77;3;;;;;
W;
A;hepes;;;;7;;;;;
D;96wellrxnplate;;;78;7;;;;;
W;
A;hepes;;;;4;;;;;
D;96wellrxnplate;;;79;4;;;;;
W;
A;hepes;;;;3;;;;;
D;96wellrxnplate;;;80;3;;;;;
W;
A;hepes;;;;7;;;;;
D;96wellrxnplate;;;81;7;;;;;
W;
A;hepes;;;;7;;;;;
D;96wellrxnplate;;;82;7;;;;;
W;
A;hepes;;;;5;;;;;
D;96wellrxnplate;;;83;5;;;;;
W;
A;hepes;;;;9;;;;;
D;96wellrxnplate;;;84;9;;;;;
W;
A;hepes;;;;8;;;;;
D;96wellrxnplate;;;85;8;;;;;
W;
A;hepes;;;;5;;;;;
D;96wellrxnplate;;;86;5;;;;;
W;
A;hepes;;;;3;;;;;
D;96wellrxnplate;;;87;3;;;;;
W;
A;hepes;;;;4;;;;;
D;96wellrxnplate;;;88;4;;;;;
W;
A;hepes;;;;3;;;;;
D;96wellrxnplate;;;89;3;;;;;
W;
A;hepes;;;;5;;;;;
D;96wellrxnplate;;;90;5;;;;;
W;
A;hepes;;;;7;;;;;
D;96wellrxnplate;;;91;7;;;;;
W;
A;hepes;;;;7;;;;;
D;96wellrxnplate;;;92;7;;;;;
W;
A;hepes;;;;3;;;;;
D;96wellrxnplate;;;93;3;;;;;
W;
A;hepes;;;;5;;;;;
D;96wellrxnplate;;;94;5;;;;;
W;
A;hepes;;;;7;;;;;
D;96wellrxnplate;;;95;7;;;;;
W;
A;K2HPO4;;;;6;;;;;
D;96wellrxnplate;;;0;6;;;;;
W;
A;K2HPO4;;;;5;;;;;
D;96wellrxnplate;;;1;5;;;;;
W;
A;K2HPO4;;;;3;;;;;
D;96wellrxnplate;;;2;3;;;;;
W;
A;K2HPO4;;;;7;;;;;
D;96wellrxnplate;;;3;7;;;;;
W;
A;K2HPO4;;;;7;;;;;
D;96wellrxnplate;;;4;7;;;;;
W;
A;K2HPO4;;;;9;;;;;
D;96wellrxnplate;;;5;9;;;;;
W;
A;K2HPO4;;;;9;;;;;
D;96wellrxnplate;;;6;9;;;;;
W;
A;K2HPO4;;;;6;;;;;
D;96wellrxnplate;;;7;6;;;;;
W;
A;K2HPO4;;;;3;;;;;
D;96wellrxnplate;;;8;3;;;;;
W;
A;K2HPO4;;;;3;;;;;
D;96wellrxnplate;;;9;3;;;;;
W;
A;K2HPO4;;;;6;;;;;
D;96wellrxnplate;;;10;6;;;;;
W;
A;K2HPO4;;;;3;;;;;
D;96wellrxnplate;;;11;3;;;;;
W;
A;K2HPO4;;;;7;;;;;
D;96wellrxnplate;;;12;7;;;;;
W;
A;K2HPO4;;;;4;;;;;
D;96wellrxnplate;;;13;4;;;;;
W;
A;K2HPO4;;;;5;;;;;
D;96wellrxnplate;;;14;5;;;;;
W;
A;K2HPO4;;;;5;;;;;
D;96wellrxnplate;;;15;5;;;;;
W;
A;K2HPO4;;;;6;;;;;
D;96wellrxnplate;;;16;6;;;;;
W;
A;K2HPO4;;;;9;;;;;
D;96wellrxnplate;;;17;9;;;;;
W;
A;K2HPO4;;;;4;;;;;
D;96wellrxnplate;;;18;4;;;;;
W;
A;K2HPO4;;;;5;;;;;
D;96wellrxnplate;;;19;5;;;;;
W;
A;K2HPO4;;;;8;;;;;
D;96wellrxnplate;;;20;8;;;;;
W;
A;K2HPO4;;;;5;;;;;
D;96wellrxnplate;;;21;5;;;;;
W;
A;K2HPO4;;;;6;;;;;
D;96wellrxnplate;;;22;6;;;;;
W;
A;K2HPO4;;;;3;;;;;
D;96wellrxnplate;;;23;3;;;;;
W;
A;K2HPO4;;;;6;;;;;
D;96wellrxnplate;;;24;6;;;;;
W;
A;K2HPO4;;;;9;;;;;
D;96wellrxnplate;;;25;9;;;;;
W;
A;K2HPO4;;;;4;;;;;
D;96wellrxnplate;;;26;4;;;;;
W;
A;K2HPO4;;;;7;;;;;
D;96wellrxnplate;;;27;7;;;;;
W;
A;K2HPO4;;;;7;;;;;
D;96wellrxnplate;;;28;7;;;;;
W;
A;K2HPO4;;;;8;;;;;
D;96wellrxnplate;;;29;8;;;;;
W;
A;K2HPO4;;;;5;;;;;
D;96wellrxnplate;;;30;5;;;;;
W;
A;K2HPO4;;;;7;;;;;
D;96wellrxnplate;;;31;7;;;;;
W;
A;K2HPO4;;;;9;;;;;
D;96wellrxnplate;;;32;9;;;;;
W;
A;K2HPO4;;;;5;;;;;
D;96wellrxnplate;;;33;5;;;;;
W;
A;K2HPO4;;;;4;;;;;
D;96wellrxnplate;;;34;4;;;;;
W;
A;K2HPO4;;;;8;;;;;
D;96wellrxnplate;;;35;8;;;;;
W;
A;K2HPO4;;;;4;;;;;
D;96wellrxnplate;;;36;4;;;;;
W;
A;K2HPO4;;;;9;;;;;
D;96wellrxnplate;;;37;9;;;;;
W;
A;K2HPO4;;;;6;;;;;
D;96wellrxnplate;;;38;6;;;;;
W;
A;K2HPO4;;;;5;;;;;
D;96wellrxnplate;;;39;5;;;;;
W;
A;K2HPO4;;;;6;;;;;
D;96wellrxnplate;;;40;6;;;;;
W;
A;K2HPO4;;;;5;;;;;
D;96wellrxnplate;;;41;5;;;;;
W;
A;K2HPO4;;;;3;;;;;
D;96wellrxnplate;;;42;3;;;;;
W;
A;K2HPO4;;;;6;;;;;
D;96wellrxnplate;;;43;6;;;;;
W;
A;K2HPO4;;;;4;;;;;
D;96wellrxnplate;;;44;4;;;;;
W;
A;K2HPO4;;;;7;;;;;
D;96wellrxnplate;;;45;7;;;;;
W;
A;K2HPO4;;;;5;;;;;
D;96wellrxnplate;;;46;5;;;;;
W;
A;K2HPO4;;;;8;;;;;
D;96wellrxnplate;;;47;8;;;;;
W;
A;K2HPO4;;;;4;;;;;
D;96wellrxnplate;;;48;4;;;;;
W;
A;K2HPO4;;;;7;;;;;
D;96wellrxnplate;;;49;7;;;;;
W;
A;K2HPO4;;;;6;;;;;
D;96wellrxnplate;;;50;6;;;;;
W;
A;K2HPO4;;;;8;;;;;
D;96wellrxnplate;;;51;8;;;;;
W;
A;K2HPO4;;;;9;;;;;
D;96wellrxnplate;;;52;9;;;;;
W;
A;K2HPO4;;;;5;;;;;
D;96wellrxnplate;;;53;5;;;;;
W;
A;K2HPO4;;;;7;;;;;
D;96wellrxnplate;;;54;7;;;;;
W;
A;K2HPO4;;;;3;;;;;
D;96wellrxnplate;;;55;3;;;;;
W;
A;K2HPO4;;;;5;;;;;
D;96wellrxnplate;;;56;5;;;;;
W;
A;K2HPO4;;;;9;;;;;
D;96wellrxnplate;;;57;9;;;;;
W;
A;K2HPO4;;;;6;;;;;
D;96wellrxnplate;;;58;6;;;;;
W;
A;K2HPO4;;;;5;;;;;
D;96wellrxnplate;;;59;5;;;;;
W;
A;K2HPO4;;;;8;;;;;
D;96wellrxnplate;;;60;8;;;;;
W;
A;K2HPO4;;;;9;;;;;
D;96wellrxnplate;;;61;9;;;;;
W;
A;K2HPO4;;;;8;;;;;
D;96wellrxnplate;;;62;8;;;;;
W;
A;K2HPO4;;;;8;;;;;
D;96wellrxnplate;;;63;8;;;;;
W;
A;K2HPO4;;;;4;;;;;
D;96wellrxnplate;;;64;4;;;;;
W;
A;K2HPO4;;;;9;;;;;
D;96wellrxnplate;;;65;9;;;;;
W;
A;K2HPO4;;;;4;;;;;
D;96wellrxnplate;;;66;4;;;;;
W;
A;K2HPO4;;;;7;;;;;
D;96wellrxnplate;;;67;7;;;;;
W;
A;K2HPO4;;;;9;;;;;
D;96wellrxnplate;;;68;9;;;;;
W;
A;K2HPO4;;;;3;;;;;
D;96wellrxnplate;;;69;3;;;;;
W;
A;K2HPO4;;;;5;;;;;
D;96wellrxnplate;;;70;5;;;;;
W;
A;K2HPO4;;;;4;;;;;
D;96wellrxnplate;;;71;4;;;;;
W;
A;K2HPO4;;;;8;;;;;
D;96wellrxnplate;;;72;8;;;;;
W;
A;K2HPO4;;;;3;;;;;
D;96wellrxnplate;;;73;3;;;;;
W;
A;K2HPO4;;;;4;;;;;
D;96wellrxnplate;;;74;4;;;;;
W;
A;K2HPO4;;;;8;;;;;
D;96wellrxnplate;;;75;8;;;;;
W;
A;K2HPO4;;;;7;;;;;
D;96wellrxnplate;;;76;7;;;;;
W;
A;K2HPO4;;;;9;;;;;
D;96wellrxnplate;;;77;9;;;;;
W;
A;K2HPO4;;;;3;;;;;
D;96wellrxnplate;;;78;3;;;;;
W;
A;K2HPO4;;;;6;;;;;
D;96wellrxnplate;;;79;6;;;;;
W;
A;K2HPO4;;;;6;;;;;
D;96wellrxnplate;;;80;6;;;;;
W;
A;K2HPO4;;;;9;;;;;
D;96wellrxnplate;;;81;9;;;;;
W;
A;K2HPO4;;;;4;;;;;
D;96wellrxnplate;;;82;4;;;;;
W;
A;K2HPO4;;;;6;;;;;
D;96wellrxnplate;;;83;6;;;;;
W;
A;K2HPO4;;;;3;;;;;
D;96wellrxnplate;;;84;3;;;;;
W;
A;K2HPO4;;;;9;;;;;
D;96wellrxnplate;;;85;9;;;;;
W;
A;K2HPO4;;;;9;;;;;
D;96wellrxnplate;;;86;9;;;;;
W;
A;K2HPO4;;;;3;;;;;
D;96wellrxnplate;;;87;3;;;;;
W;
A;K2HPO4;;;;5;;;;;
D;96wellrxnplate;;;88;5;;;;;
W;
A;K2HPO4;;;;6;;;;;
D;96wellrxnplate;;;89;6;;;;;
W;
A;K2HPO4;;;;3;;;;;
D;96wellrxnplate;;;90;3;;;;;
W;
A;K2HPO4;;;;9;;;;;
D;96wellrxnplate;;;91;9;;;;;
W;
A;K2HPO4;;;;3;;;;;
D;96wellrxnplate;;;92;3;;;;;
W;
A;K2HPO4;;;;7;;;;;
D;96wellrxnplate;;;93;7;;;;;
W;
A;K2HPO4;;;;3;;;;;
D;96wellrxnplate;;;94;3;;;;;
W;
A;K2HPO4;;;;4;;;;;
D;96wellrxnplate;;;95;4;;;;;
W;
A;MPG;;;;4;;;;;
D;96wellrxnplate;;;0;4;;;;;
W;
A;MPG;;;;3;;;;;
D;96wellrxnplate;;;1;3;;;;;
W;
A;MPG;;;;4;;;;;
D;96wellrxnplate;;;2;4;;;;;
W;
A;MPG;;;;7;;;;;
D;96wellrxnplate;;;3;7;;;;;
W;
A;MPG;;;;4;;;;;
D;96wellrxnplate;;;4;4;;;;;
W;
A;MPG;;;;5;;;;;
D;96wellrxnplate;;;5;5;;;;;
W;
A;MPG;;;;6;;;;;
D;96wellrxnplate;;;6;6;;;;;
W;
A;MPG;;;;9;;;;;
D;96wellrxnplate;;;7;9;;;;;
W;
A;MPG;;;;6;;;;;
D;96wellrxnplate;;;8;6;;;;;
W;
A;MPG;;;;4;;;;;
D;96wellrxnplate;;;9;4;;;;;
W;
A;MPG;;;;5;;;;;
D;96wellrxnplate;;;10;5;;;;;
W;
A;MPG;;;;8;;;;;
D;96wellrxnplate;;;11;8;;;;;
W;
A;MPG;;;;4;;;;;
D;96wellrxnplate;;;12;4;;;;;
W;
A;MPG;;;;4;;;;;
D;96wellrxnplate;;;13;4;;;;;
W;
A;MPG;;;;3;;;;;
D;96wellrxnplate;;;14;3;;;;;
W;
A;MPG;;;;7;;;;;
D;96wellrxnplate;;;15;7;;;;;
W;
A;MPG;;;;5;;;;;
D;96wellrxnplate;;;16;5;;;;;
W;
A;MPG;;;;8;;;;;
D;96wellrxnplate;;;17;8;;;;;
W;
A;MPG;;;;6;;;;;
D;96wellrxnplate;;;18;6;;;;;
W;
A;MPG;;;;4;;;;;
D;96wellrxnplate;;;19;4;;;;;
W;
A;MPG;;;;3;;;;;
D;96wellrxnplate;;;20;3;;;;;
W;
A;MPG;;;;3;;;;;
D;96wellrxnplate;;;21;3;;;;;
W;
A;MPG;;;;9;;;;;
D;96wellrxnplate;;;22;9;;;;;
W;
A;MPG;;;;7;;;;;
D;96wellrxnplate;;;23;7;;;;;
W;
A;MPG;;;;7;;;;;
D;96wellrxnplate;;;24;7;;;;;
W;
A;MPG;;;;9;;;;;
D;96wellrxnplate;;;25;9;;;;;
W;
A;MPG;;;;9;;;;;
D;96wellrxnplate;;;26;9;;;;;
W;
A;MPG;;;;9;;;;;
D;96wellrxnplate;;;27;9;;;;;
W;
A;MPG;;;;4;;;;;
D;96wellrxnplate;;;28;4;;;;;
W;
A;MPG;;;;4;;;;;
D;96wellrxnplate;;;29;4;;;;;
W;
A;MPG;;;;5;;;;;
D;96wellrxnplate;;;30;5;;;;;
W;
A;MPG;;;;6;;;;;
D;96wellrxnplate;;;31;6;;;;;
W;
A;MPG;;;;8;;;;;
D;96wellrxnplate;;;32;8;;;;;
W;
A;MPG;;;;5;;;;;
D;96wellrxnplate;;;33;5;;;;;
W;
A;MPG;;;;3;;;;;
D;96wellrxnplate;;;34;3;;;;;
W;
A;MPG;;;;9;;;;;
D;96wellrxnplate;;;35;9;;;;;
W;
A;MPG;;;;4;;;;;
D;96wellrxnplate;;;36;4;;;;;
W;
A;MPG;;;;7;;;;;
D;96wellrxnplate;;;37;7;;;;;
W;
A;MPG;;;;3;;;;;
D;96wellrxnplate;;;38;3;;;;;
W;
A;MPG;;;;4;;;;;
D;96wellrxnplate;;;39;4;;;;;
W;
A;MPG;;;;8;;;;;
D;96wellrxnplate;;;40;8;;;;;
W;
A;MPG;;;;3;;;;;
D;96wellrxnplate;;;41;3;;;;;
W;
A;MPG;;;;5;;;;;
D;96wellrxnplate;;;42;5;;;;;
W;
A;MPG;;;;4;;;;;
D;96wellrxnplate;;;43;4;;;;;
W;
A;MPG;;;;9;;;;;
D;96wellrxnplate;;;44;9;;;;;
W;
A;MPG;;;;4;;;;;
D;96wellrxnplate;;;45;4;;;;;
W;
A;MPG;;;;9;;;;;
D;96wellrxnplate;;;46;9;;;;;
W;
A;MPG;;;;5;;;;;
D;96wellrxnplate;;;47;5;;;;;
W;
A;MPG;;;;4;;;;;
D;96wellrxnplate;;;48;4;;;;;
W;
A;MPG;;;;5;;;;;
D;96wellrxnplate;;;49;5;;;;;
W;
A;MPG;;;;7;;;;;
D;96wellrxnplate;;;50;7;;;;;
W;
A;MPG;;;;4;;;;;
D;96wellrxnplate;;;51;4;;;;;
W;
A;MPG;;;;3;;;;;
D;96wellrxnplate;;;52;3;;;;;
W;
A;MPG;;;;6;;;;;
D;96wellrxnplate;;;53;6;;;;;
W;
A;MPG;;;;8;;;;;
D;96wellrxnplate;;;54;8;;;;;
W;
A;MPG;;;;5;;;;;
D;96wellrxnplate;;;55;5;;;;;
W;
A;MPG;;;;5;;;;;
D;96wellrxnplate;;;56;5;;;;;
W;
A;MPG;;;;4;;;;;
D;96wellrxnplate;;;57;4;;;;;
W;
A;MPG;;;;5;;;;;
D;96wellrxnplate;;;58;5;;;;;
W;
A;MPG;;;;5;;;;;
D;96wellrxnplate;;;59;5;;;;;
W;
A;MPG;;;;8;;;;;
D;96wellrxnplate;;;60;8;;;;;
W;
A;MPG;;;;9;;;;;
D;96wellrxnplate;;;61;9;;;;;
W;
A;MPG;;;;4;;;;;
D;96wellrxnplate;;;62;4;;;;;
W;
A;MPG;;;;9;;;;;
D;96wellrxnplate;;;63;9;;;;;
W;
A;MPG;;;;5;;;;;
D;96wellrxnplate;;;64;5;;;;;
W;
A;MPG;;;;3;;;;;
D;96wellrxnplate;;;65;3;;;;;
W;
A;MPG;;;;4;;;;;
D;96wellrxnplate;;;66;4;;;;;
W;
A;MPG;;;;4;;;;;
D;96wellrxnplate;;;67;4;;;;;
W;
A;MPG;;;;6;;;;;
D;96wellrxnplate;;;68;6;;;;;
W;
A;MPG;;;;8;;;;;
D;96wellrxnplate;;;69;8;;;;;
W;
A;MPG;;;;7;;;;;
D;96wellrxnplate;;;70;7;;;;;
W;
A;MPG;;;;5;;;;;
D;96wellrxnplate;;;71;5;;;;;
W;
A;MPG;;;;5;;;;;
D;96wellrxnplate;;;72;5;;;;;
W;
A;MPG;;;;6;;;;;
D;96wellrxnplate;;;73;6;;;;;
W;
A;MPG;;;;4;;;;;
D;96wellrxnplate;;;74;4;;;;;
W;
A;MPG;;;;5;;;;;
D;96wellrxnplate;;;75;5;;;;;
W;
A;MPG;;;;6;;;;;
D;96wellrxnplate;;;76;6;;;;;
W;
A;MPG;;;;5;;;;;
D;96wellrxnplate;;;77;5;;;;;
W;
A;MPG;;;;3;;;;;
D;96wellrxnplate;;;78;3;;;;;
W;
A;MPG;;;;8;;;;;
D;96wellrxnplate;;;79;8;;;;;
W;
A;MPG;;;;3;;;;;
D;96wellrxnplate;;;80;3;;;;;
W;
A;MPG;;;;7;;;;;
D;96wellrxnplate;;;81;7;;;;;
W;
A;MPG;;;;4;;;;;
D;96wellrxnplate;;;82;4;;;;;
W;
A;MPG;;;;3;;;;;
D;96wellrxnplate;;;83;3;;;;;
W;
A;MPG;;;;6;;;;;
D;96wellrxnplate;;;84;6;;;;;
W;
A;MPG;;;;7;;;;;
D;96wellrxnplate;;;85;7;;;;;
W;
A;MPG;;;;8;;;;;
D;96wellrxnplate;;;86;8;;;;;
W;
A;MPG;;;;5;;;;;
D;96wellrxnplate;;;87;5;;;;;
W;
A;MPG;;;;8;;;;;
D;96wellrxnplate;;;88;8;;;;;
W;
A;MPG;;;;7;;;;;
D;96wellrxnplate;;;89;7;;;;;
W;
A;MPG;;;;3;;;;;
D;96wellrxnplate;;;90;3;;;;;
W;
A;MPG;;;;4;;;;;
D;96wellrxnplate;;;91;4;;;;;
W;
A;MPG;;;;6;;;;;
D;96wellrxnplate;;;92;6;;;;;
W;
A;MPG;;;;9;;;;;
D;96wellrxnplate;;;93;9;;;;;
W;
A;MPG;;;;4;;;;;
D;96wellrxnplate;;;94;4;;;;;
W;
A;MPG;;;;6;;;;;
D;96wellrxnplate;;;95;6;;;;;
W;
A;amm_acetate;;;;3;;;;;
D;96wellrxnplate;;;0;3;;;;;
W;
A;amm_acetate;;;;7;;;;;
D;96wellrxnplate;;;1;7;;;;;
W;
A;amm_acetate;;;;6;;;;;
D;96wellrxnplate;;;2;6;;;;;
W;
A;amm_acetate;;;;7;;;;;
D;96wellrxnplate;;;3;7;;;;;
W;
A;amm_acetate;;;;5;;;;;
D;96wellrxnplate;;;4;5;;;;;
W;
A;amm_acetate;;;;3;;;;;
D;96wellrxnplate;;;5;3;;;;;
W;
A;amm_acetate;;;;6;;;;;
D;96wellrxnplate;;;6;6;;;;;
W;
A;amm_acetate;;;;9;;;;;
D;96wellrxnplate;;;7;9;;;;;
W;
A;amm_acetate;;;;6;;;;;
D;96wellrxnplate;;;8;6;;;;;
W;
A;amm_acetate;;;;3;;;;;
D;96wellrxnplate;;;9;3;;;;;
W;
A;amm_acetate;;;;5;;;;;
D;96wellrxnplate;;;10;5;;;;;
W;
A;amm_acetate;;;;9;;;;;
D;96wellrxnplate;;;11;9;;;;;
W;
A;amm_acetate;;;;4;;;;;
D;96wellrxnplate;;;12;4;;;;;
W;
A;amm_acetate;;;;9;;;;;
D;96wellrxnplate;;;13;9;;;;;
W;
A;amm_acetate;;;;9;;;;;
D;96wellrxnplate;;;14;9;;;;;
W;
A;amm_acetate;;;;7;;;;;
D;96wellrxnplate;;;15;7;;;;;
W;
A;amm_acetate;;;;9;;;;;
D;96wellrxnplate;;;16;9;;;;;
W;
A;amm_acetate;;;;8;;;;;
D;96wellrxnplate;;;17;8;;;;;
W;
A;amm_acetate;;;;8;;;;;
D;96wellrxnplate;;;18;8;;;;;
W;
A;amm_acetate;;;;7;;;;;
D;96wellrxnplate;;;19;7;;;;;
W;
A;amm_acetate;;;;8;;;;;
D;96wellrxnplate;;;20;8;;;;;
W;
A;amm_acetate;;;;7;;;;;
D;96wellrxnplate;;;21;7;;;;;
W;
A;amm_acetate;;;;3;;;;;
D;96wellrxnplate;;;22;3;;;;;
W;
A;amm_acetate;;;;9;;;;;
D;96wellrxnplate;;;23;9;;;;;
W;
A;amm_acetate;;;;9;;;;;
D;96wellrxnplate;;;24;9;;;;;
W;
A;amm_acetate;;;;9;;;;;
D;96wellrxnplate;;;25;9;;;;;
W;
A;amm_acetate;;;;8;;;;;
D;96wellrxnplate;;;26;8;;;;;
W;
A;amm_acetate;;;;3;;;;;
D;96wellrxnplate;;;27;3;;;;;
W;
A;amm_acetate;;;;6;;;;;
D;96wellrxnplate;;;28;6;;;;;
W;
A;amm_acetate;;;;6;;;;;
D;96wellrxnplate;;;29;6;;;;;
W;
A;amm_acetate;;;;6;;;;;
D;96wellrxnplate;;;30;6;;;;;
W;
A;amm_acetate;;;;5;;;;;
D;96wellrxnplate;;;31;5;;;;;
W;
A;amm_acetate;;;;5;;;;;
D;96wellrxnplate;;;32;5;;;;;
W;
A;amm_acetate;;;;9;;;;;
D;96wellrxnplate;;;33;9;;;;;
W;
A;amm_acetate;;;;5;;;;;
D;96wellrxnplate;;;34;5;;;;;
W;
A;amm_acetate;;;;5;;;;;
D;96wellrxnplate;;;35;5;;;;;
W;
A;amm_acetate;;;;6;;;;;
D;96wellrxnplate;;;36;6;;;;;
W;
A;amm_acetate;;;;4;;;;;
D;96wellrxnplate;;;37;4;;;;;
W;
A;amm_acetate;;;;8;;;;;
D;96wellrxnplate;;;38;8;;;;;
W;
A;amm_acetate;;;;6;;;;;
D;96wellrxnplate;;;39;6;;;;;
W;
A;amm_acetate;;;;4;;;;;
D;96wellrxnplate;;;40;4;;;;;
W;
A;amm_acetate;;;;7;;;;;
D;96wellrxnplate;;;41;7;;;;;
W;
A;amm_acetate;;;;3;;;;;
D;96wellrxnplate;;;42;3;;;;;
W;
A;amm_acetate;;;;5;;;;;
D;96wellrxnplate;;;43;5;;;;;
W;
A;amm_acetate;;;;8;;;;;
D;96wellrxnplate;;;44;8;;;;;
W;
A;amm_acetate;;;;4;;;;;
D;96wellrxnplate;;;45;4;;;;;
W;
A;amm_acetate;;;;7;;;;;
D;96wellrxnplate;;;46;7;;;;;
W;
A;amm_acetate;;;;3;;;;;
D;96wellrxnplate;;;47;3;;;;;
W;
A;amm_acetate;;;;3;;;;;
D;96wellrxnplate;;;48;3;;;;;
W;
A;amm_acetate;;;;6;;;;;
D;96wellrxnplate;;;49;6;;;;;
W;
A;amm_acetate;;;;5;;;;;
D;96wellrxnplate;;;50;5;;;;;
W;
A;amm_acetate;;;;5;;;;;
D;96wellrxnplate;;;51;5;;;;;
W;
A;amm_acetate;;;;5;;;;;
D;96wellrxnplate;;;52;5;;;;;
W;
A;amm_acetate;;;;9;;;;;
D;96wellrxnplate;;;53;9;;;;;
W;
A;amm_acetate;;;;7;;;;;
D;96wellrxnplate;;;54;7;;;;;
W;
A;amm_acetate;;;;4;;;;;
D;96wellrxnplate;;;55;4;;;;;
W;
A;amm_acetate;;;;3;;;;;
D;96wellrxnplate;;;56;3;;;;;
W;
A;amm_acetate;;;;3;;;;;
D;96wellrxnplate;;;57;3;;;;;
W;
A;amm_acetate;;;;9;;;;;
D;96wellrxnplate;;;58;9;;;;;
W;
A;amm_acetate;;;;4;;;;;
D;96wellrxnplate;;;59;4;;;;;
W;
A;amm_acetate;;;;4;;;;;
D;96wellrxnplate;;;60;4;;;;;
W;
A;amm_acetate;;;;3;;;;;
D;96wellrxnplate;;;61;3;;;;;
W;
A;amm_acetate;;;;3;;;;;
D;96wellrxnplate;;;62;3;;;;;
W;
A;amm_acetate;;;;7;;;;;
D;96wellrxnplate;;;63;7;;;;;
W;
A;amm_acetate;;;;5;;;;;
D;96wellrxnplate;;;64;5;;;;;
W;
A;amm_acetate;;;;7;;;;;
D;96wellrxnplate;;;65;7;;;;;
W;
A;amm_acetate;;;;3;;;;;
D;96wellrxnplate;;;66;3;;;;;
W;
A;amm_acetate;;;;6;;;;;
D;96wellrxnplate;;;67;6;;;;;
W;
A;amm_acetate;;;;8;;;;;
D;96wellrxnplate;;;68;8;;;;;
W;
A;amm_acetate;;;;6;;;;;
D;96wellrxnplate;;;69;6;;;;;
W;
A;amm_acetate;;;;8;;;;;
D;96wellrxnplate;;;70;8;;;;;
W;
A;amm_acetate;;;;3;;;;;
D;96wellrxnplate;;;71;3;;;;;
W;
A;amm_acetate;;;;8;;;;;
D;96wellrxnplate;;;72;8;;;;;
W;
A;amm_acetate;;;;6;;;;;
D;96wellrxnplate;;;73;6;;;;;
W;
A;amm_acetate;;;;6;;;;;
D;96wellrxnplate;;;74;6;;;;;
W;
A;amm_acetate;;;;4;;;;;
D;96wellrxnplate;;;75;4;;;;;
W;
A;amm_acetate;;;;7;;;;;
D;96wellrxnplate;;;76;7;;;;;
W;
A;amm_acetate;;;;3;;;;;
D;96wellrxnplate;;;77;3;;;;;
W;
A;amm_acetate;;;;4;;;;;
D;96wellrxnplate;;;78;4;;;;;
W;
A;amm_acetate;;;;8;;;;;
D;96wellrxnplate;;;79;8;;;;;
W;
A;amm_acetate;;;;6;;;;;
D;96wellrxnplate;;;80;6;;;;;
W;
A;amm_acetate;;;;3;;;;;
D;96wellrxnplate;;;81;3;;;;;
W;
A;amm_acetate;;;;8;;;;;
D;96wellrxnplate;;;82;8;;;;;
W;
A;amm_acetate;;;;9;;;;;
D;96wellrxnplate;;;83;9;;;;;
W;
A;amm_acetate;;;;9;;;;;
D;96wellrxnplate;;;84;9;;;;;
W;
A;amm_acetate;;;;5;;;;;
D;96wellrxnplate;;;85;5;;;;;
W;
A;amm_acetate;;;;3;;;;;
D;96wellrxnplate;;;86;3;;;;;
W;
A;amm_acetate;;;;3;;;;;
D;96wellrxnplate;;;87;3;;;;;
W;
A;amm_acetate;;;;6;;;;;
D;96wellrxnplate;;;88;6;;;;;
W;
A;amm_acetate;;;;5;;;;;
D;96wellrxnplate;;;89;5;;;;;
W;
A;amm_acetate;;;;8;;;;;
D;96wellrxnplate;;;90;8;;;;;
W;
A;amm_acetate;;;;4;;;;;
D;96wellrxnplate;;;91;4;;;;;
W;
A;amm_acetate;;;;6;;;;;
D;96wellrxnplate;;;92;6;;;;;
W;
A;amm_acetate;;;;8;;;;;
D;96wellrxnplate;;;93;8;;;;;
W;
A;amm_acetate;;;;3;;;;;
D;96wellrxnplate;;;94;3;;;;;
W;
A;amm_acetate;;;;3;;;;;
D;96wellrxnplate;;;95;3;;;;;
W;
A;TCEP;;;;3;;;;;
D;96wellrxnplate;;;0;3;;;;;
W;
A;TCEP;;;;7;;;;;
D;96wellrxnplate;;;1;7;;;;;
W;
A;TCEP;;;;7;;;;;
D;96wellrxnplate;;;2;7;;;;;
W;
A;TCEP;;;;7;;;;;
D;96wellrxnplate;;;3;7;;;;;
W;
A;TCEP;;;;4;;;;;
D;96wellrxnplate;;;4;4;;;;;
W;
A;TCEP;;;;6;;;;;
D;96wellrxnplate;;;5;6;;;;;
W;
A;TCEP;;;;8;;;;;
D;96wellrxnplate;;;6;8;;;;;
W;
A;TCEP;;;;9;;;;;
D;96wellrxnplate;;;7;9;;;;;
W;
A;TCEP;;;;4;;;;;
D;96wellrxnplate;;;8;4;;;;;
W;
A;TCEP;;;;6;;;;;
D;96wellrxnplate;;;9;6;;;;;
W;
A;TCEP;;;;4;;;;;
D;96wellrxnplate;;;10;4;;;;;
W;
A;TCEP;;;;3;;;;;
D;96wellrxnplate;;;11;3;;;;;
W;
A;TCEP;;;;7;;;;;
D;96wellrxnplate;;;12;7;;;;;
W;
A;TCEP;;;;8;;;;;
D;96wellrxnplate;;;13;8;;;;;
W;
A;TCEP;;;;4;;;;;
D;96wellrxnplate;;;14;4;;;;;
W;
A;TCEP;;;;9;;;;;
D;96wellrxnplate;;;15;9;;;;;
W;
A;TCEP;;;;5;;;;;
D;96wellrxnplate;;;16;5;;;;;
W;
A;TCEP;;;;9;;;;;
D;96wellrxnplate;;;17;9;;;;;
W;
A;TCEP;;;;3;;;;;
D;96wellrxnplate;;;18;3;;;;;
W;
A;TCEP;;;;9;;;;;
D;96wellrxnplate;;;19;9;;;;;
W;
A;TCEP;;;;9;;;;;
D;96wellrxnplate;;;20;9;;;;;
W;
A;TCEP;;;;4;;;;;
D;96wellrxnplate;;;21;4;;;;;
W;
A;TCEP;;;;8;;;;;
D;96wellrxnplate;;;22;8;;;;;
W;
A;TCEP;;;;5;;;;;
D;96wellrxnplate;;;23;5;;;;;
W;
A;TCEP;;;;3;;;;;
D;96wellrxnplate;;;24;3;;;;;
W;
A;TCEP;;;;3;;;;;
D;96wellrxnplate;;;25;3;;;;;
W;
A;TCEP;;;;3;;;;;
D;96wellrxnplate;;;26;3;;;;;
W;
A;TCEP;;;;6;;;;;
D;96wellrxnplate;;;27;6;;;;;
W;
A;TCEP;;;;4;;;;;
D;96wellrxnplate;;;28;4;;;;;
W;
A;TCEP;;;;9;;;;;
D;96wellrxnplate;;;29;9;;;;;
W;
A;TCEP;;;;8;;;;;
D;96wellrxnplate;;;30;8;;;;;
W;
A;TCEP;;;;5;;;;;
D;96wellrxnplate;;;31;5;;;;;
W;
A;TCEP;;;;9;;;;;
D;96wellrxnplate;;;32;9;;;;;
W;
A;TCEP;;;;6;;;;;
D;96wellrxnplate;;;33;6;;;;;
W;
A;TCEP;;;;4;;;;;
D;96wellrxnplate;;;34;4;;;;;
W;
A;TCEP;;;;4;;;;;
D;96wellrxnplate;;;35;4;;;;;
W;
A;TCEP;;;;3;;;;;
D;96wellrxnplate;;;36;3;;;;;
W;
A;TCEP;;;;8;;;;;
D;96wellrxnplate;;;37;8;;;;;
W;
A;TCEP;;;;5;;;;;
D;96wellrxnplate;;;38;5;;;;;
W;
A;TCEP;;;;8;;;;;
D;96wellrxnplate;;;39;8;;;;;
W;
A;TCEP;;;;4;;;;;
D;96wellrxnplate;;;40;4;;;;;
W;
A;TCEP;;;;6;;;;;
D;96wellrxnplate;;;41;6;;;;;
W;
A;TCEP;;;;3;;;;;
D;96wellrxnplate;;;42;3;;;;;
W;
A;TCEP;;;;3;;;;;
D;96wellrxnplate;;;43;3;;;;;
W;
A;TCEP;;;;4;;;;;
D;96wellrxnplate;;;44;4;;;;;
W;
A;TCEP;;;;7;;;;;
D;96wellrxnplate;;;45;7;;;;;
W;
A;TCEP;;;;7;;;;;
D;96wellrxnplate;;;46;7;;;;;
W;
A;TCEP;;;;3;;;;;
D;96wellrxnplate;;;47;3;;;;;
W;
A;TCEP;;;;3;;;;;
D;96wellrxnplate;;;48;3;;;;;
W;
A;TCEP;;;;7;;;;;
D;96wellrxnplate;;;49;7;;;;;
W;
A;TCEP;;;;5;;;;;
D;96wellrxnplate;;;50;5;;;;;
W;
A;TCEP;;;;4;;;;;
D;96wellrxnplate;;;51;4;;;;;
W;
A;TCEP;;;;9;;;;;
D;96wellrxnplate;;;52;9;;;;;
W;
A;TCEP;;;;5;;;;;
D;96wellrxnplate;;;53;5;;;;;
W;
A;TCEP;;;;4;;;;;
D;96wellrxnplate;;;54;4;;;;;
W;
A;TCEP;;;;6;;;;;
D;96wellrxnplate;;;55;6;;;;;
W;
A;TCEP;;;;8;;;;;
D;96wellrxnplate;;;56;8;;;;;
W;
A;TCEP;;;;4;;;;;
D;96wellrxnplate;;;57;4;;;;;
W;
A;TCEP;;;;9;;;;;
D;96wellrxnplate;;;58;9;;;;;
W;
A;TCEP;;;;6;;;;;
D;96wellrxnplate;;;59;6;;;;;
W;
A;TCEP;;;;3;;;;;
D;96wellrxnplate;;;60;3;;;;;
W;
A;TCEP;;;;7;;;;;
D;96wellrxnplate;;;61;7;;;;;
W;
A;TCEP;;;;5;;;;;
D;96wellrxnplate;;;62;5;;;;;
W;
A;TCEP;;;;5;;;;;
D;96wellrxnplate;;;63;5;;;;;
W;
A;TCEP;;;;9;;;;;
D;96wellrxnplate;;;64;9;;;;;
W;
A;TCEP;;;;5;;;;;
D;96wellrxnplate;;;65;5;;;;;
W;
A;TCEP;;;;6;;;;;
D;96wellrxnplate;;;66;6;;;;;
W;
A;TCEP;;;;4;;;;;
D;96wellrxnplate;;;67;4;;;;;
W;
A;TCEP;;;;8;;;;;
D;96wellrxnplate;;;68;8;;;;;
W;
A;TCEP;;;;3;;;;;
D;96wellrxnplate;;;69;3;;;;;
W;
A;TCEP;;;;5;;;;;
D;96wellrxnplate;;;70;5;;;;;
W;
A;TCEP;;;;8;;;;;
D;96wellrxnplate;;;71;8;;;;;
W;
A;TCEP;;;;3;;;;;
D;96wellrxnplate;;;72;3;;;;;
W;
A;TCEP;;;;9;;;;;
D;96wellrxnplate;;;73;9;;;;;
W;
A;TCEP;;;;6;;;;;
D;96wellrxnplate;;;74;6;;;;;
W;
A;TCEP;;;;8;;;;;
D;96wellrxnplate;;;75;8;;;;;
W;
A;TCEP;;;;6;;;;;
D;96wellrxnplate;;;76;6;;;;;
W;
A;TCEP;;;;7;;;;;
D;96wellrxnplate;;;77;7;;;;;
W;
A;TCEP;;;;5;;;;;
D;96wellrxnplate;;;78;5;;;;;
W;
A;TCEP;;;;5;;;;;
D;96wellrxnplate;;;79;5;;;;;
W;
A;TCEP;;;;8;;;;;
D;96wellrxnplate;;;80;8;;;;;
W;
A;TCEP;;;;7;;;;;
D;96wellrxnplate;;;81;7;;;;;
W;
A;TCEP;;;;6;;;;;
D;96wellrxnplate;;;82;6;;;;;
W;
A;TCEP;;;;4;;;;;
D;96wellrxnplate;;;83;4;;;;;
W;
A;TCEP;;;;3;;;;;
D;96wellrxnplate;;;84;3;;;;;
W;
A;TCEP;;;;7;;;;;
D;96wellrxnplate;;;85;7;;;;;
W;
A;TCEP;;;;6;;;;;
D;96wellrxnplate;;;86;6;;;;;
W;
A;TCEP;;;;8;;;;;
D;96wellrxnplate;;;87;8;;;;;
W;
A;TCEP;;;;6;;;;;
D;96wellrxnplate;;;88;6;;;;;
W;
A;TCEP;;;;3;;;;;
D;96wellrxnplate;;;89;3;;;;;
W;
A;TCEP;;;;9;;;;;
D;96wellrxnplate;;;90;9;;;;;
W;
A;TCEP;;;;9;;;;;
D;96wellrxnplate;;;91;9;;;;;
W;
A;TCEP;;;;6;;;;;
D;96wellrxnplate;;;92;6;;;;;
W;
A;TCEP;;;;6;;;;;
D;96wellrxnplate;;;93;6;;;;;
W;
A;TCEP;;;;8;;;;;
D;96wellrxnplate;;;94;8;;;;;
W;
A;TCEP;;;;9;;;;;
D;96wellrxnplate;;;95;9;;;;;
W;
A;glucose;;;;9;;;;;
D;96wellrxnplate;;;0;9;;;;;
W;
A;glucose;;;;4;;;;;
D;96wellrxnplate;;;1;4;;;;;
W;
A;glucose;;;;4;;;;;
D;96wellrxnplate;;;2;4;;;;;
W;
A;glucose;;;;9;;;;;
D;96wellrxnplate;;;3;9;;;;;
W;
A;glucose;;;;4;;;;;
D;96wellrxnplate;;;4;4;;;;;
W;
A;glucose;;;;4;;;;;
D;96wellrxnplate;;;5;4;;;;;
W;
A;glucose;;;;9;;;;;
D;96wellrxnplate;;;6;9;;;;;
W;
A;glucose;;;;9;;;;;
D;96wellrxnplate;;;7;9;;;;;
W;
A;glucose;;;;9;;;;;
D;96wellrxnplate;;;8;9;;;;;
W;
A;glucose;;;;6;;;;;
D;96wellrxnplate;;;9;6;;;;;
W;
A;glucose;;;;6;;;;;
D;96wellrxnplate;;;10;6;;;;;
W;
A;glucose;;;;4;;;;;
D;96wellrxnplate;;;11;4;;;;;
W;
A;glucose;;;;7;;;;;
D;96wellrxnplate;;;12;7;;;;;
W;
A;glucose;;;;3;;;;;
D;96wellrxnplate;;;13;3;;;;;
W;
A;glucose;;;;8;;;;;
D;96wellrxnplate;;;14;8;;;;;
W;
A;glucose;;;;7;;;;;
D;96wellrxnplate;;;15;7;;;;;
W;
A;glucose;;;;9;;;;;
D;96wellrxnplate;;;16;9;;;;;
W;
A;glucose;;;;8;;;;;
D;96wellrxnplate;;;17;8;;;;;
W;
A;glucose;;;;9;;;;;
D;96wellrxnplate;;;18;9;;;;;
W;
A;glucose;;;;6;;;;;
D;96wellrxnplate;;;19;6;;;;;
W;
A;glucose;;;;8;;;;;
D;96wellrxnplate;;;20;8;;;;;
W;
A;glucose;;;;8;;;;;
D;96wellrxnplate;;;21;8;;;;;
W;
A;glucose;;;;7;;;;;
D;96wellrxnplate;;;22;7;;;;;
W;
A;glucose;;;;7;;;;;
D;96wellrxnplate;;;23;7;;;;;
W;
A;glucose;;;;9;;;;;
D;96wellrxnplate;;;24;9;;;;;
W;
A;glucose;;;;3;;;;;
D;96wellrxnplate;;;25;3;;;;;
W;
A;glucose;;;;9;;;;;
D;96wellrxnplate;;;26;9;;;;;
W;
A;glucose;;;;3;;;;;
D;96wellrxnplate;;;27;3;;;;;
W;
A;glucose;;;;6;;;;;
D;96wellrxnplate;;;28;6;;;;;
W;
A;glucose;;;;4;;;;;
D;96wellrxnplate;;;29;4;;;;;
W;
A;glucose;;;;6;;;;;
D;96wellrxnplate;;;30;6;;;;;
W;
A;glucose;;;;4;;;;;
D;96wellrxnplate;;;31;4;;;;;
W;
A;glucose;;;;9;;;;;
D;96wellrxnplate;;;32;9;;;;;
W;
A;glucose;;;;3;;;;;
D;96wellrxnplate;;;33;3;;;;;
W;
A;glucose;;;;8;;;;;
D;96wellrxnplate;;;34;8;;;;;
W;
A;glucose;;;;6;;;;;
D;96wellrxnplate;;;35;6;;;;;
W;
A;glucose;;;;8;;;;;
D;96wellrxnplate;;;36;8;;;;;
W;
A;glucose;;;;4;;;;;
D;96wellrxnplate;;;37;4;;;;;
W;
A;glucose;;;;3;;;;;
D;96wellrxnplate;;;38;3;;;;;
W;
A;glucose;;;;5;;;;;
D;96wellrxnplate;;;39;5;;;;;
W;
A;glucose;;;;5;;;;;
D;96wellrxnplate;;;40;5;;;;;
W;
A;glucose;;;;8;;;;;
D;96wellrxnplate;;;41;8;;;;;
W;
A;glucose;;;;5;;;;;
D;96wellrxnplate;;;42;5;;;;;
W;
A;glucose;;;;4;;;;;
D;96wellrxnplate;;;43;4;;;;;
W;
A;glucose;;;;5;;;;;
D;96wellrxnplate;;;44;5;;;;;
W;
A;glucose;;;;3;;;;;
D;96wellrxnplate;;;45;3;;;;;
W;
A;glucose;;;;5;;;;;
D;96wellrxnplate;;;46;5;;;;;
W;
A;glucose;;;;6;;;;;
D;96wellrxnplate;;;47;6;;;;;
W;
A;glucose;;;;7;;;;;
D;96wellrxnplate;;;48;7;;;;;
W;
A;glucose;;;;5;;;;;
D;96wellrxnplate;;;49;5;;;;;
W;
A;glucose;;;;6;;;;;
D;96wellrxnplate;;;50;6;;;;;
W;
A;glucose;;;;4;;;;;
D;96wellrxnplate;;;51;4;;;;;
W;
A;glucose;;;;3;;;;;
D;96wellrxnplate;;;52;3;;;;;
W;
A;glucose;;;;6;;;;;
D;96wellrxnplate;;;53;6;;;;;
W;
A;glucose;;;;6;;;;;
D;96wellrxnplate;;;54;6;;;;;
W;
A;glucose;;;;5;;;;;
D;96wellrxnplate;;;55;5;;;;;
W;
A;glucose;;;;7;;;;;
D;96wellrxnplate;;;56;7;;;;;
W;
A;glucose;;;;7;;;;;
D;96wellrxnplate;;;57;7;;;;;
W;
A;glucose;;;;3;;;;;
D;96wellrxnplate;;;58;3;;;;;
W;
A;glucose;;;;9;;;;;
D;96wellrxnplate;;;59;9;;;;;
W;
A;glucose;;;;7;;;;;
D;96wellrxnplate;;;60;7;;;;;
W;
A;glucose;;;;8;;;;;
D;96wellrxnplate;;;61;8;;;;;
W;
A;glucose;;;;5;;;;;
D;96wellrxnplate;;;62;5;;;;;
W;
A;glucose;;;;6;;;;;
D;96wellrxnplate;;;63;6;;;;;
W;
A;glucose;;;;3;;;;;
D;96wellrxnplate;;;64;3;;;;;
W;
A;glucose;;;;7;;;;;
D;96wellrxnplate;;;65;7;;;;;
W;
A;glucose;;;;9;;;;;
D;96wellrxnplate;;;66;9;;;;;
W;
A;glucose;;;;7;;;;;
D;96wellrxnplate;;;67;7;;;;;
W;
A;glucose;;;;9;;;;;
D;96wellrxnplate;;;68;9;;;;;
W;
A;glucose;;;;7;;;;;
D;96wellrxnplate;;;69;7;;;;;
W;
A;glucose;;;;5;;;;;
D;96wellrxnplate;;;70;5;;;;;
W;
A;glucose;;;;3;;;;;
D;96wellrxnplate;;;71;3;;;;;
W;
A;glucose;;;;8;;;;;
D;96wellrxnplate;;;72;8;;;;;
W;
A;glucose;;;;4;;;;;
D;96wellrxnplate;;;73;4;;;;;
W;
A;glucose;;;;5;;;;;
D;96wellrxnplate;;;74;5;;;;;
W;
A;glucose;;;;9;;;;;
D;96wellrxnplate;;;75;9;;;;;
W;
A;glucose;;;;9;;;;;
D;96wellrxnplate;;;76;9;;;;;
W;
A;glucose;;;;9;;;;;
D;96wellrxnplate;;;77;9;;;;;
W;
A;glucose;;;;6;;;;;
D;96wellrxnplate;;;78;6;;;;;
W;
A;glucose;;;;4;;;;;
D;96wellrxnplate;;;79;4;;;;;
W;
A;glucose;;;;9;;;;;
D;96wellrxnplate;;;80;9;;;;;
W;
A;glucose;;;;4;;;;;
D;96wellrxnplate;;;81;4;;;;;
W;
A;glucose;;;;6;;;;;
D;96wellrxnplate;;;82;6;;;;;
W;
A;glucose;;;;3;;;;;
D;96wellrxnplate;;;83;3;;;;;
W;
A;glucose;;;;4;;;;;
D;96wellrxnplate;;;84;4;;;;;
W;
A;glucose;;;;4;;;;;
D;96wellrxnplate;;;85;4;;;;;
W;
A;glucose;;;;5;;;;;
D;96wellrxnplate;;;86;5;;;;;
W;
A;glucose;;;;3;;;;;
D;96wellrxnplate;;;87;3;;;;;
W;
A;glucose;;;;8;;;;;
D;96wellrxnplate;;;88;8;;;;;
W;
A;glucose;;;;6;;;;;
D;96wellrxnplate;;;89;6;;;;;
W;
A;glucose;;;;7;;;;;
D;96wellrxnplate;;;90;7;;;;;
W;
A;glucose;;;;9;;;;;
D;96wellrxnplate;;;91;9;;;;;
W;
A;glucose;;;;7;;;;;
D;96wellrxnplate;;;92;7;;;;;
W;
A;glucose;;;;4;;;;;
D;96wellrxnplate;;;93;4;;;;;
W;
A;glucose;;;;9;;;;;
D;96wellrxnplate;;;94;9;;;;;
W;
A;glucose;;;;7;;;;;
D;96wellrxnplate;;;95;7;;;;;
W;
A;amino_acids;;;;7;;;;;
D;96wellrxnplate;;;0;7;;;;;
W;
A;amino_acids;;;;6;;;;;
D;96wellrxnplate;;;1;6;;;;;
W;
A;amino_acids;;;;4;;;;;
D;96wellrxnplate;;;2;4;;;;;
W;
A;amino_acids;;;;7;;;;;
D;96wellrxnplate;;;3;7;;;;;
W;
A;amino_acids;;;;3;;;;;
D;96wellrxnplate;;;4;3;;;;;
W;
A;amino_acids;;;;9;;;;;
D;96wellrxnplate;;;5;9;;;;;
W;
A;amino_acids;;;;4;;;;;
D;96wellrxnplate;;;6;4;;;;;
W;
A;amino_acids;;;;3;;;;;
D;96wellrxnplate;;;7;3;;;;;
W;
A;amino_acids;;;;3;;;;;
D;96wellrxnplate;;;8;3;;;;;
W;
A;amino_acids;;;;8;;;;;
D;96wellrxnplate;;;9;8;;;;;
W;
A;amino_acids;;;;9;;;;;
D;96wellrxnplate;;;10;9;;;;;
W;
A;amino_acids;;;;4;;;;;
D;96wellrxnplate;;;11;4;;;;;
W;
A;amino_acids;;;;4;;;;;
D;96wellrxnplate;;;12;4;;;;;
W;
A;amino_acids;;;;5;;;;;
D;96wellrxnplate;;;13;5;;;;;
W;
A;amino_acids;;;;4;;;;;
D;96wellrxnplate;;;14;4;;;;;
W;
A;amino_acids;;;;5;;;;;
D;96wellrxnplate;;;15;5;;;;;
W;
A;amino_acids;;;;4;;;;;
D;96wellrxnplate;;;16;4;;;;;
W;
A;amino_acids;;;;4;;;;;
D;96wellrxnplate;;;17;4;;;;;
W;
A;amino_acids;;;;6;;;;;
D;96wellrxnplate;;;18;6;;;;;
W;
A;amino_acids;;;;6;;;;;
D;96wellrxnplate;;;19;6;;;;;
W;
A;amino_acids;;;;9;;;;;
D;96wellrxnplate;;;20;9;;;;;
W;
A;amino_acids;;;;5;;;;;
D;96wellrxnplate;;;21;5;;;;;
W;
A;amino_acids;;;;6;;;;;
D;96wellrxnplate;;;22;6;;;;;
W;
A;amino_acids;;;;5;;;;;
D;96wellrxnplate;;;23;5;;;;;
W;
A;amino_acids;;;;9;;;;;
D;96wellrxnplate;;;24;9;;;;;
W;
A;amino_acids;;;;9;;;;;
D;96wellrxnplate;;;25;9;;;;;
W;
A;amino_acids;;;;3;;;;;
D;96wellrxnplate;;;26;3;;;;;
W;
A;amino_acids;;;;7;;;;;
D;96wellrxnplate;;;27;7;;;;;
W;
A;amino_acids;;;;3;;;;;
D;96wellrxnplate;;;28;3;;;;;
W;
A;amino_acids;;;;6;;;;;
D;96wellrxnplate;;;29;6;;;;;
W;
A;amino_acids;;;;5;;;;;
D;96wellrxnplate;;;30;5;;;;;
W;
A;amino_acids;;;;4;;;;;
D;96wellrxnplate;;;31;4;;;;;
W;
A;amino_acids;;;;7;;;;;
D;96wellrxnplate;;;32;7;;;;;
W;
A;amino_acids;;;;6;;;;;
D;96wellrxnplate;;;33;6;;;;;
W;
A;amino_acids;;;;9;;;;;
D;96wellrxnplate;;;34;9;;;;;
W;
A;amino_acids;;;;8;;;;;
D;96wellrxnplate;;;35;8;;;;;
W;
A;amino_acids;;;;3;;;;;
D;96wellrxnplate;;;36;3;;;;;
W;
A;amino_acids;;;;6;;;;;
D;96wellrxnplate;;;37;6;;;;;
W;
A;amino_acids;;;;8;;;;;
D;96wellrxnplate;;;38;8;;;;;
W;
A;amino_acids;;;;5;;;;;
D;96wellrxnplate;;;39;5;;;;;
W;
A;amino_acids;;;;5;;;;;
D;96wellrxnplate;;;40;5;;;;;
W;
A;amino_acids;;;;9;;;;;
D;96wellrxnplate;;;41;9;;;;;
W;
A;amino_acids;;;;7;;;;;
D;96wellrxnplate;;;42;7;;;;;
W;
A;amino_acids;;;;3;;;;;
D;96wellrxnplate;;;43;3;;;;;
W;
A;amino_acids;;;;9;;;;;
D;96wellrxnplate;;;44;9;;;;;
W;
A;amino_acids;;;;5;;;;;
D;96wellrxnplate;;;45;5;;;;;
W;
A;amino_acids;;;;4;;;;;
D;96wellrxnplate;;;46;4;;;;;
W;
A;amino_acids;;;;5;;;;;
D;96wellrxnplate;;;47;5;;;;;
W;
A;amino_acids;;;;4;;;;;
D;96wellrxnplate;;;48;4;;;;;
W;
A;amino_acids;;;;6;;;;;
D;96wellrxnplate;;;49;6;;;;;
W;
A;amino_acids;;;;7;;;;;
D;96wellrxnplate;;;50;7;;;;;
W;
A;amino_acids;;;;8;;;;;
D;96wellrxnplate;;;51;8;;;;;
W;
A;amino_acids;;;;8;;;;;
D;96wellrxnplate;;;52;8;;;;;
W;
A;amino_acids;;;;6;;;;;
D;96wellrxnplate;;;53;6;;;;;
W;
A;amino_acids;;;;6;;;;;
D;96wellrxnplate;;;54;6;;;;;
W;
A;amino_acids;;;;3;;;;;
D;96wellrxnplate;;;55;3;;;;;
W;
A;amino_acids;;;;5;;;;;
D;96wellrxnplate;;;56;5;;;;;
W;
A;amino_acids;;;;3;;;;;
D;96wellrxnplate;;;57;3;;;;;
W;
A;amino_acids;;;;8;;;;;
D;96wellrxnplate;;;58;8;;;;;
W;
A;amino_acids;;;;4;;;;;
D;96wellrxnplate;;;59;4;;;;;
W;
A;amino_acids;;;;8;;;;;
D;96wellrxnplate;;;60;8;;;;;
W;
A;amino_acids;;;;4;;;;;
D;96wellrxnplate;;;61;4;;;;;
W;
A;amino_acids;;;;6;;;;;
D;96wellrxnplate;;;62;6;;;;;
W;
A;amino_acids;;;;4;;;;;
D;96wellrxnplate;;;63;4;;;;;
W;
A;amino_acids;;;;3;;;;;
D;96wellrxnplate;;;64;3;;;;;
W;
A;amino_acids;;;;3;;;;;
D;96wellrxnplate;;;65;3;;;;;
W;
A;amino_acids;;;;7;;;;;
D;96wellrxnplate;;;66;7;;;;;
W;
A;amino_acids;;;;8;;;;;
D;96wellrxnplate;;;67;8;;;;;
W;
A;amino_acids;;;;7;;;;;
D;96wellrxnplate;;;68;7;;;;;
W;
A;amino_acids;;;;3;;;;;
D;96wellrxnplate;;;69;3;;;;;
W;
A;amino_acids;;;;8;;;;;
D;96wellrxnplate;;;70;8;;;;;
W;
A;amino_acids;;;;8;;;;;
D;96wellrxnplate;;;71;8;;;;;
W;
A;amino_acids;;;;7;;;;;
D;96wellrxnplate;;;72;7;;;;;
W;
A;amino_acids;;;;8;;;;;
D;96wellrxnplate;;;73;8;;;;;
W;
A;amino_acids;;;;8;;;;;
D;96wellrxnplate;;;74;8;;;;;
W;
A;amino_acids;;;;7;;;;;
D;96wellrxnplate;;;75;7;;;;;
W;
A;amino_acids;;;;7;;;;;
D;96wellrxnplate;;;76;7;;;;;
W;
A;amino_acids;;;;8;;;;;
D;96wellrxnplate;;;77;8;;;;;
W;
A;amino_acids;;;;5;;;;;
D;96wellrxnplate;;;78;5;;;;;
W;
A;amino_acids;;;;7;;;;;
D;96wellrxnplate;;;79;7;;;;;
W;
A;amino_acids;;;;4;;;;;
D;96wellrxnplate;;;80;4;;;;;
W;
A;amino_acids;;;;3;;;;;
D;96wellrxnplate;;;81;3;;;;;
W;
A;amino_acids;;;;9;;;;;
D;96wellrxnplate;;;82;9;;;;;
W;
A;amino_acids;;;;6;;;;;
D;96wellrxnplate;;;83;6;;;;;
W;
A;amino_acids;;;;3;;;;;
D;96wellrxnplate;;;84;3;;;;;
W;
A;amino_acids;;;;8;;;;;
D;96wellrxnplate;;;85;8;;;;;
W;
A;amino_acids;;;;8;;;;;
D;96wellrxnplate;;;86;8;;;;;
W;
A;amino_acids;;;;7;;;;;
D;96wellrxnplate;;;87;7;;;;;
W;
A;amino_acids;;;;6;;;;;
D;96wellrxnplate;;;88;6;;;;;
W;
A;amino_acids;;;;7;;;;;
D;96wellrxnplate;;;89;7;;;;;
W;
A;amino_acids;;;;5;;;;;
D;96wellrxnplate;;;90;5;;;;;
W;
A;amino_acids;;;;3;;;;;
D;96wellrxnplate;;;91;3;;;;;
W;
A;amino_acids;;;;9;;;;;
D;96wellrxnplate;;;92;9;;;;;
W;
A;amino_acids;;;;6;;;;;
D;96wellrxnplate;;;93;6;;;;;
W;
A;amino_acids;;;;6;;;;;
D;96wellrxnplate;;;94;6;;;;;
W;
A;amino_acids;;;;3;;;;;
D;96wellrxnplate;;;95;3;;;;;
W;
A;folinic_acid;;;;5;;;;;
D;96wellrxnplate;;;0;5;;;;;
W;
A;folinic_acid;;;;3;;;;;
D;96wellrxnplate;;;1;3;;;;;
W;
A;folinic_acid;;;;8;;;;;
D;96wellrxnplate;;;2;8;;;;;
W;
A;folinic_acid;;;;7;;;;;
D;96wellrxnplate;;;3;7;;;;;
W;
A;folinic_acid;;;;5;;;;;
D;96wellrxnplate;;;4;5;;;;;
W;
A;folinic_acid;;;;5;;;;;
D;96wellrxnplate;;;5;5;;;;;
W;
A;folinic_acid;;;;4;;;;;
D;96wellrxnplate;;;6;4;;;;;
W;
A;folinic_acid;;;;8;;;;;
D;96wellrxnplate;;;7;8;;;;;
W;
A;folinic_acid;;;;8;;;;;
D;96wellrxnplate;;;8;8;;;;;
W;
A;folinic_acid;;;;6;;;;;
D;96wellrxnplate;;;9;6;;;;;
W;
A;folinic_acid;;;;8;;;;;
D;96wellrxnplate;;;10;8;;;;;
W;
A;folinic_acid;;;;5;;;;;
D;96wellrxnplate;;;11;5;;;;;
W;
A;folinic_acid;;;;5;;;;;
D;96wellrxnplate;;;12;5;;;;;
W;
A;folinic_acid;;;;3;;;;;
D;96wellrxnplate;;;13;3;;;;;
W;
A;folinic_acid;;;;7;;;;;
D;96wellrxnplate;;;14;7;;;;;
W;
A;folinic_acid;;;;8;;;;;
D;96wellrxnplate;;;15;8;;;;;
W;
A;folinic_acid;;;;3;;;;;
D;96wellrxnplate;;;16;3;;;;;
W;
A;folinic_acid;;;;5;;;;;
D;96wellrxnplate;;;17;5;;;;;
W;
A;folinic_acid;;;;5;;;;;
D;96wellrxnplate;;;18;5;;;;;
W;
A;folinic_acid;;;;7;;;;;
D;96wellrxnplate;;;19;7;;;;;
W;
A;folinic_acid;;;;9;;;;;
D;96wellrxnplate;;;20;9;;;;;
W;
A;folinic_acid;;;;3;;;;;
D;96wellrxnplate;;;21;3;;;;;
W;
A;folinic_acid;;;;6;;;;;
D;96wellrxnplate;;;22;6;;;;;
W;
A;folinic_acid;;;;9;;;;;
D;96wellrxnplate;;;23;9;;;;;
W;
A;folinic_acid;;;;7;;;;;
D;96wellrxnplate;;;24;7;;;;;
W;
A;folinic_acid;;;;7;;;;;
D;96wellrxnplate;;;25;7;;;;;
W;
A;folinic_acid;;;;7;;;;;
D;96wellrxnplate;;;26;7;;;;;
W;
A;folinic_acid;;;;7;;;;;
D;96wellrxnplate;;;27;7;;;;;
W;
A;folinic_acid;;;;5;;;;;
D;96wellrxnplate;;;28;5;;;;;
W;
A;folinic_acid;;;;9;;;;;
D;96wellrxnplate;;;29;9;;;;;
W;
A;folinic_acid;;;;4;;;;;
D;96wellrxnplate;;;30;4;;;;;
W;
A;folinic_acid;;;;4;;;;;
D;96wellrxnplate;;;31;4;;;;;
W;
A;folinic_acid;;;;8;;;;;
D;96wellrxnplate;;;32;8;;;;;
W;
A;folinic_acid;;;;6;;;;;
D;96wellrxnplate;;;33;6;;;;;
W;
A;folinic_acid;;;;6;;;;;
D;96wellrxnplate;;;34;6;;;;;
W;
A;folinic_acid;;;;9;;;;;
D;96wellrxnplate;;;35;9;;;;;
W;
A;folinic_acid;;;;7;;;;;
D;96wellrxnplate;;;36;7;;;;;
W;
A;folinic_acid;;;;9;;;;;
D;96wellrxnplate;;;37;9;;;;;
W;
A;folinic_acid;;;;6;;;;;
D;96wellrxnplate;;;38;6;;;;;
W;
A;folinic_acid;;;;4;;;;;
D;96wellrxnplate;;;39;4;;;;;
W;
A;folinic_acid;;;;7;;;;;
D;96wellrxnplate;;;40;7;;;;;
W;
A;folinic_acid;;;;7;;;;;
D;96wellrxnplate;;;41;7;;;;;
W;
A;folinic_acid;;;;4;;;;;
D;96wellrxnplate;;;42;4;;;;;
W;
A;folinic_acid;;;;7;;;;;
D;96wellrxnplate;;;43;7;;;;;
W;
A;folinic_acid;;;;7;;;;;
D;96wellrxnplate;;;44;7;;;;;
W;
A;folinic_acid;;;;5;;;;;
D;96wellrxnplate;;;45;5;;;;;
W;
A;folinic_acid;;;;5;;;;;
D;96wellrxnplate;;;46;5;;;;;
W;
A;folinic_acid;;;;5;;;;;
D;96wellrxnplate;;;47;5;;;;;
W;
A;folinic_acid;;;;8;;;;;
D;96wellrxnplate;;;48;8;;;;;
W;
A;folinic_acid;;;;8;;;;;
D;96wellrxnplate;;;49;8;;;;;
W;
A;folinic_acid;;;;8;;;;;
D;96wellrxnplate;;;50;8;;;;;
W;
A;folinic_acid;;;;3;;;;;
D;96wellrxnplate;;;51;3;;;;;
W;
A;folinic_acid;;;;7;;;;;
D;96wellrxnplate;;;52;7;;;;;
W;
A;folinic_acid;;;;6;;;;;
D;96wellrxnplate;;;53;6;;;;;
W;
A;folinic_acid;;;;7;;;;;
D;96wellrxnplate;;;54;7;;;;;
W;
A;folinic_acid;;;;5;;;;;
D;96wellrxnplate;;;55;5;;;;;
W;
A;folinic_acid;;;;8;;;;;
D;96wellrxnplate;;;56;8;;;;;
W;
A;folinic_acid;;;;3;;;;;
D;96wellrxnplate;;;57;3;;;;;
W;
A;folinic_acid;;;;8;;;;;
D;96wellrxnplate;;;58;8;;;;;
W;
A;folinic_acid;;;;4;;;;;
D;96wellrxnplate;;;59;4;;;;;
W;
A;folinic_acid;;;;7;;;;;
D;96wellrxnplate;;;60;7;;;;;
W;
A;folinic_acid;;;;5;;;;;
D;96wellrxnplate;;;61;5;;;;;
W;
A;folinic_acid;;;;7;;;;;
D;96wellrxnplate;;;62;7;;;;;
W;
A;folinic_acid;;;;8;;;;;
D;96wellrxnplate;;;63;8;;;;;
W;
A;folinic_acid;;;;4;;;;;
D;96wellrxnplate;;;64;4;;;;;
W;
A;folinic_acid;;;;7;;;;;
D;96wellrxnplate;;;65;7;;;;;
W;
A;folinic_acid;;;;5;;;;;
D;96wellrxnplate;;;66;5;;;;;
W;
A;folinic_acid;;;;8;;;;;
D;96wellrxnplate;;;67;8;;;;;
W;
A;folinic_acid;;;;5;;;;;
D;96wellrxnplate;;;68;5;;;;;
W;
A;folinic_acid;;;;3;;;;;
D;96wellrxnplate;;;69;3;;;;;
W;
A;folinic_acid;;;;9;;;;;
D;96wellrxnplate;;;70;9;;;;;
W;
A;folinic_acid;;;;9;;;;;
D;96wellrxnplate;;;71;9;;;;;
W;
A;folinic_acid;;;;4;;;;;
D;96wellrxnplate;;;72;4;;;;;
W;
A;folinic_acid;;;;8;;;;;
D;96wellrxnplate;;;73;8;;;;;
W;
A;folinic_acid;;;;4;;;;;
D;96wellrxnplate;;;74;4;;;;;
W;
A;folinic_acid;;;;8;;;;;
D;96wellrxnplate;;;75;8;;;;;
W;
A;folinic_acid;;;;6;;;;;
D;96wellrxnplate;;;76;6;;;;;
W;
A;folinic_acid;;;;7;;;;;
D;96wellrxnplate;;;77;7;;;;;
W;
A;folinic_acid;;;;3;;;;;
D;96wellrxnplate;;;78;3;;;;;
W;
A;folinic_acid;;;;6;;;;;
D;96wellrxnplate;;;79;6;;;;;
W;
A;folinic_acid;;;;8;;;;;
D;96wellrxnplate;;;80;8;;;;;
W;
A;folinic_acid;;;;6;;;;;
D;96wellrxnplate;;;81;6;;;;;
W;
A;folinic_acid;;;;6;;;;;
D;96wellrxnplate;;;82;6;;;;;
W;
A;folinic_acid;;;;4;;;;;
D;96wellrxnplate;;;83;4;;;;;
W;
A;folinic_acid;;;;4;;;;;
D;96wellrxnplate;;;84;4;;;;;
W;
A;folinic_acid;;;;3;;;;;
D;96wellrxnplate;;;85;3;;;;;
W;
A;folinic_acid;;;;4;;;;;
D;96wellrxnplate;;;86;4;;;;;
W;
A;folinic_acid;;;;9;;;;;
D;96wellrxnplate;;;87;9;;;;;
W;
A;folinic_acid;;;;5;;;;;
D;96wellrxnplate;;;88;5;;;;;
W;
A;folinic_acid;;;;4;;;;;
D;96wellrxnplate;;;89;4;;;;;
W;
A;folinic_acid;;;;3;;;;;
D;96wellrxnplate;;;90;3;;;;;
W;
A;folinic_acid;;;;9;;;;;
D;96wellrxnplate;;;91;9;;;;;
W;
A;folinic_acid;;;;3;;;;;
D;96wellrxnplate;;;92;3;;;;;
W;
A;folinic_acid;;;;5;;;;;
D;96wellrxnplate;;;93;5;;;;;
W;
A;folinic_acid;;;;7;;;;;
D;96wellrxnplate;;;94;7;;;;;
W;
A;folinic_acid;;;;5;;;;;
D;96wellrxnplate;;;95;5;;;;;
W;
A;amp;;;;7;;;;;
D;96wellrxnplate;;;0;7;;;;;
W;
A;amp;;;;4;;;;;
D;96wellrxnplate;;;1;4;;;;;
W;
A;amp;;;;9;;;;;
D;96wellrxnplate;;;2;9;;;;;
W;
A;amp;;;;5;;;;;
D;96wellrxnplate;;;3;5;;;;;
W;
A;amp;;;;4;;;;;
D;96wellrxnplate;;;4;4;;;;;
W;
A;amp;;;;4;;;;;
D;96wellrxnplate;;;5;4;;;;;
W;
A;amp;;;;4;;;;;
D;96wellrxnplate;;;6;4;;;;;
W;
A;amp;;;;8;;;;;
D;96wellrxnplate;;;7;8;;;;;
W;
A;amp;;;;8;;;;;
D;96wellrxnplate;;;8;8;;;;;
W;
A;amp;;;;4;;;;;
D;96wellrxnplate;;;9;4;;;;;
W;
A;amp;;;;6;;;;;
D;96wellrxnplate;;;10;6;;;;;
W;
A;amp;;;;8;;;;;
D;96wellrxnplate;;;11;8;;;;;
W;
A;amp;;;;3;;;;;
D;96wellrxnplate;;;12;3;;;;;
W;
A;amp;;;;7;;;;;
D;96wellrxnplate;;;13;7;;;;;
W;
A;amp;;;;3;;;;;
D;96wellrxnplate;;;14;3;;;;;
W;
A;amp;;;;9;;;;;
D;96wellrxnplate;;;15;9;;;;;
W;
A;amp;;;;4;;;;;
D;96wellrxnplate;;;16;4;;;;;
W;
A;amp;;;;3;;;;;
D;96wellrxnplate;;;17;3;;;;;
W;
A;amp;;;;7;;;;;
D;96wellrxnplate;;;18;7;;;;;
W;
A;amp;;;;5;;;;;
D;96wellrxnplate;;;19;5;;;;;
W;
A;amp;;;;4;;;;;
D;96wellrxnplate;;;20;4;;;;;
W;
A;amp;;;;6;;;;;
D;96wellrxnplate;;;21;6;;;;;
W;
A;amp;;;;3;;;;;
D;96wellrxnplate;;;22;3;;;;;
W;
A;amp;;;;3;;;;;
D;96wellrxnplate;;;23;3;;;;;
W;
A;amp;;;;8;;;;;
D;96wellrxnplate;;;24;8;;;;;
W;
A;amp;;;;6;;;;;
D;96wellrxnplate;;;25;6;;;;;
W;
A;amp;;;;7;;;;;
D;96wellrxnplate;;;26;7;;;;;
W;
A;amp;;;;9;;;;;
D;96wellrxnplate;;;27;9;;;;;
W;
A;amp;;;;7;;;;;
D;96wellrxnplate;;;28;7;;;;;
W;
A;amp;;;;5;;;;;
D;96wellrxnplate;;;29;5;;;;;
W;
A;amp;;;;4;;;;;
D;96wellrxnplate;;;30;4;;;;;
W;
A;amp;;;;3;;;;;
D;96wellrxnplate;;;31;3;;;;;
W;
A;amp;;;;7;;;;;
D;96wellrxnplate;;;32;7;;;;;
W;
A;amp;;;;4;;;;;
D;96wellrxnplate;;;33;4;;;;;
W;
A;amp;;;;7;;;;;
D;96wellrxnplate;;;34;7;;;;;
W;
A;amp;;;;6;;;;;
D;96wellrxnplate;;;35;6;;;;;
W;
A;amp;;;;5;;;;;
D;96wellrxnplate;;;36;5;;;;;
W;
A;amp;;;;4;;;;;
D;96wellrxnplate;;;37;4;;;;;
W;
A;amp;;;;3;;;;;
D;96wellrxnplate;;;38;3;;;;;
W;
A;amp;;;;8;;;;;
D;96wellrxnplate;;;39;8;;;;;
W;
A;amp;;;;3;;;;;
D;96wellrxnplate;;;40;3;;;;;
W;
A;amp;;;;8;;;;;
D;96wellrxnplate;;;41;8;;;;;
W;
A;amp;;;;9;;;;;
D;96wellrxnplate;;;42;9;;;;;
W;
A;amp;;;;7;;;;;
D;96wellrxnplate;;;43;7;;;;;
W;
A;amp;;;;7;;;;;
D;96wellrxnplate;;;44;7;;;;;
W;
A;amp;;;;4;;;;;
D;96wellrxnplate;;;45;4;;;;;
W;
A;amp;;;;6;;;;;
D;96wellrxnplate;;;46;6;;;;;
W;
A;amp;;;;9;;;;;
D;96wellrxnplate;;;47;9;;;;;
W;
A;amp;;;;7;;;;;
D;96wellrxnplate;;;48;7;;;;;
W;
A;amp;;;;6;;;;;
D;96wellrxnplate;;;49;6;;;;;
W;
A;amp;;;;7;;;;;
D;96wellrxnplate;;;50;7;;;;;
W;
A;amp;;;;4;;;;;
D;96wellrxnplate;;;51;4;;;;;
W;
A;amp;;;;9;;;;;
D;96wellrxnplate;;;52;9;;;;;
W;
A;amp;;;;5;;;;;
D;96wellrxnplate;;;53;5;;;;;
W;
A;amp;;;;5;;;;;
D;96wellrxnplate;;;54;5;;;;;
W;
A;amp;;;;8;;;;;
D;96wellrxnplate;;;55;8;;;;;
W;
A;amp;;;;7;;;;;
D;96wellrxnplate;;;56;7;;;;;
W;
A;amp;;;;9;;;;;
D;96wellrxnplate;;;57;9;;;;;
W;
A;amp;;;;4;;;;;
D;96wellrxnplate;;;58;4;;;;;
W;
A;amp;;;;6;;;;;
D;96wellrxnplate;;;59;6;;;;;
W;
A;amp;;;;7;;;;;
D;96wellrxnplate;;;60;7;;;;;
W;
A;amp;;;;6;;;;;
D;96wellrxnplate;;;61;6;;;;;
W;
A;amp;;;;7;;;;;
D;96wellrxnplate;;;62;7;;;;;
W;
A;amp;;;;5;;;;;
D;96wellrxnplate;;;63;5;;;;;
W;
A;amp;;;;3;;;;;
D;96wellrxnplate;;;64;3;;;;;
W;
A;amp;;;;7;;;;;
D;96wellrxnplate;;;65;7;;;;;
W;
A;amp;;;;9;;;;;
D;96wellrxnplate;;;66;9;;;;;
W;
A;amp;;;;9;;;;;
D;96wellrxnplate;;;67;9;;;;;
W;
A;amp;;;;4;;;;;
D;96wellrxnplate;;;68;4;;;;;
W;
A;amp;;;;7;;;;;
D;96wellrxnplate;;;69;7;;;;;
W;
A;amp;;;;9;;;;;
D;96wellrxnplate;;;70;9;;;;;
W;
A;amp;;;;3;;;;;
D;96wellrxnplate;;;71;3;;;;;
W;
A;amp;;;;7;;;;;
D;96wellrxnplate;;;72;7;;;;;
W;
A;amp;;;;6;;;;;
D;96wellrxnplate;;;73;6;;;;;
W;
A;amp;;;;9;;;;;
D;96wellrxnplate;;;74;9;;;;;
W;
A;amp;;;;9;;;;;
D;96wellrxnplate;;;75;9;;;;;
W;
A;amp;;;;9;;;;;
D;96wellrxnplate;;;76;9;;;;;
W;
A;amp;;;;3;;;;;
D;96wellrxnplate;;;77;3;;;;;
W;
A;amp;;;;9;;;;;
D;96wellrxnplate;;;78;9;;;;;
W;
A;amp;;;;7;;;;;
D;96wellrxnplate;;;79;7;;;;;
W;
A;amp;;;;5;;;;;
D;96wellrxnplate;;;80;5;;;;;
W;
A;amp;;;;6;;;;;
D;96wellrxnplate;;;81;6;;;;;
W;
A;amp;;;;7;;;;;
D;96wellrxnplate;;;82;7;;;;;
W;
A;amp;;;;8;;;;;
D;96wellrxnplate;;;83;8;;;;;
W;
A;amp;;;;7;;;;;
D;96wellrxnplate;;;84;7;;;;;
W;
A;amp;;;;3;;;;;
D;96wellrxnplate;;;85;3;;;;;
W;
A;amp;;;;4;;;;;
D;96wellrxnplate;;;86;4;;;;;
W;
A;amp;;;;8;;;;;
D;96wellrxnplate;;;87;8;;;;;
W;
A;amp;;;;9;;;;;
D;96wellrxnplate;;;88;9;;;;;
W;
A;amp;;;;9;;;;;
D;96wellrxnplate;;;89;9;;;;;
W;
A;amp;;;;7;;;;;
D;96wellrxnplate;;;90;7;;;;;
W;
A;amp;;;;9;;;;;
D;96wellrxnplate;;;91;9;;;;;
W;
A;amp;;;;3;;;;;
D;96wellrxnplate;;;92;3;;;;;
W;
A;amp;;;;7;;;;;
D;96wellrxnplate;;;93;7;;;;;
W;
A;amp;;;;8;;;;;
D;96wellrxnplate;;;94;8;;;;;
W;
A;amp;;;;8;;;;;
D;96wellrxnplate;;;95;8;;;;;
W;
A;GMP;;;;9;;;;;
D;96wellrxnplate;;;0;9;;;;;
W;
A;GMP;;;;7;;;;;
D;96wellrxnplate;;;1;7;;;;;
W;
A;GMP;;;;7;;;;;
D;96wellrxnplate;;;2;7;;;;;
W;
A;GMP;;;;5;;;;;
D;96wellrxnplate;;;3;5;;;;;
W;
A;GMP;;;;7;;;;;
D;96wellrxnplate;;;4;7;;;;;
W;
A;GMP;;;;3;;;;;
D;96wellrxnplate;;;5;3;;;;;
W;
A;GMP;;;;7;;;;;
D;96wellrxnplate;;;6;7;;;;;
W;
A;GMP;;;;5;;;;;
D;96wellrxnplate;;;7;5;;;;;
W;
A;GMP;;;;8;;;;;
D;96wellrxnplate;;;8;8;;;;;
W;
A;GMP;;;;9;;;;;
D;96wellrxnplate;;;9;9;;;;;
W;
A;GMP;;;;3;;;;;
D;96wellrxnplate;;;10;3;;;;;
W;
A;GMP;;;;4;;;;;
D;96wellrxnplate;;;11;4;;;;;
W;
A;GMP;;;;9;;;;;
D;96wellrxnplate;;;12;9;;;;;
W;
A;GMP;;;;9;;;;;
D;96wellrxnplate;;;13;9;;;;;
W;
A;GMP;;;;4;;;;;
D;96wellrxnplate;;;14;4;;;;;
W;
A;GMP;;;;8;;;;;
D;96wellrxnplate;;;15;8;;;;;
W;
A;GMP;;;;7;;;;;
D;96wellrxnplate;;;16;7;;;;;
W;
A;GMP;;;;9;;;;;
D;96wellrxnplate;;;17;9;;;;;
W;
A;GMP;;;;9;;;;;
D;96wellrxnplate;;;18;9;;;;;
W;
A;GMP;;;;6;;;;;
D;96wellrxnplate;;;19;6;;;;;
W;
A;GMP;;;;8;;;;;
D;96wellrxnplate;;;20;8;;;;;
W;
A;GMP;;;;3;;;;;
D;96wellrxnplate;;;21;3;;;;;
W;
A;GMP;;;;8;;;;;
D;96wellrxnplate;;;22;8;;;;;
W;
A;GMP;;;;9;;;;;
D;96wellrxnplate;;;23;9;;;;;
W;
A;GMP;;;;5;;;;;
D;96wellrxnplate;;;24;5;;;;;
W;
A;GMP;;;;7;;;;;
D;96wellrxnplate;;;25;7;;;;;
W;
A;GMP;;;;3;;;;;
D;96wellrxnplate;;;26;3;;;;;
W;
A;GMP;;;;9;;;;;
D;96wellrxnplate;;;27;9;;;;;
W;
A;GMP;;;;8;;;;;
D;96wellrxnplate;;;28;8;;;;;
W;
A;GMP;;;;7;;;;;
D;96wellrxnplate;;;29;7;;;;;
W;
A;GMP;;;;5;;;;;
D;96wellrxnplate;;;30;5;;;;;
W;
A;GMP;;;;9;;;;;
D;96wellrxnplate;;;31;9;;;;;
W;
A;GMP;;;;8;;;;;
D;96wellrxnplate;;;32;8;;;;;
W;
A;GMP;;;;7;;;;;
D;96wellrxnplate;;;33;7;;;;;
W;
A;GMP;;;;4;;;;;
D;96wellrxnplate;;;34;4;;;;;
W;
A;GMP;;;;3;;;;;
D;96wellrxnplate;;;35;3;;;;;
W;
A;GMP;;;;4;;;;;
D;96wellrxnplate;;;36;4;;;;;
W;
A;GMP;;;;4;;;;;
D;96wellrxnplate;;;37;4;;;;;
W;
A;GMP;;;;4;;;;;
D;96wellrxnplate;;;38;4;;;;;
W;
A;GMP;;;;8;;;;;
D;96wellrxnplate;;;39;8;;;;;
W;
A;GMP;;;;9;;;;;
D;96wellrxnplate;;;40;9;;;;;
W;
A;GMP;;;;6;;;;;
D;96wellrxnplate;;;41;6;;;;;
W;
A;GMP;;;;9;;;;;
D;96wellrxnplate;;;42;9;;;;;
W;
A;GMP;;;;3;;;;;
D;96wellrxnplate;;;43;3;;;;;
W;
A;GMP;;;;9;;;;;
D;96wellrxnplate;;;44;9;;;;;
W;
A;GMP;;;;9;;;;;
D;96wellrxnplate;;;45;9;;;;;
W;
A;GMP;;;;3;;;;;
D;96wellrxnplate;;;46;3;;;;;
W;
A;GMP;;;;6;;;;;
D;96wellrxnplate;;;47;6;;;;;
W;
A;GMP;;;;4;;;;;
D;96wellrxnplate;;;48;4;;;;;
W;
A;GMP;;;;6;;;;;
D;96wellrxnplate;;;49;6;;;;;
W;
A;GMP;;;;5;;;;;
D;96wellrxnplate;;;50;5;;;;;
W;
A;GMP;;;;8;;;;;
D;96wellrxnplate;;;51;8;;;;;
W;
A;GMP;;;;9;;;;;
D;96wellrxnplate;;;52;9;;;;;
W;
A;GMP;;;;5;;;;;
D;96wellrxnplate;;;53;5;;;;;
W;
A;GMP;;;;7;;;;;
D;96wellrxnplate;;;54;7;;;;;
W;
A;GMP;;;;3;;;;;
D;96wellrxnplate;;;55;3;;;;;
W;
A;GMP;;;;7;;;;;
D;96wellrxnplate;;;56;7;;;;;
W;
A;GMP;;;;7;;;;;
D;96wellrxnplate;;;57;7;;;;;
W;
A;GMP;;;;4;;;;;
D;96wellrxnplate;;;58;4;;;;;
W;
A;GMP;;;;6;;;;;
D;96wellrxnplate;;;59;6;;;;;
W;
A;GMP;;;;8;;;;;
D;96wellrxnplate;;;60;8;;;;;
W;
A;GMP;;;;4;;;;;
D;96wellrxnplate;;;61;4;;;;;
W;
A;GMP;;;;9;;;;;
D;96wellrxnplate;;;62;9;;;;;
W;
A;GMP;;;;3;;;;;
D;96wellrxnplate;;;63;3;;;;;
W;
A;GMP;;;;7;;;;;
D;96wellrxnplate;;;64;7;;;;;
W;
A;GMP;;;;5;;;;;
D;96wellrxnplate;;;65;5;;;;;
W;
A;GMP;;;;9;;;;;
D;96wellrxnplate;;;66;9;;;;;
W;
A;GMP;;;;7;;;;;
D;96wellrxnplate;;;67;7;;;;;
W;
A;GMP;;;;3;;;;;
D;96wellrxnplate;;;68;3;;;;;
W;
A;GMP;;;;7;;;;;
D;96wellrxnplate;;;69;7;;;;;
W;
A;GMP;;;;9;;;;;
D;96wellrxnplate;;;70;9;;;;;
W;
A;GMP;;;;6;;;;;
D;96wellrxnplate;;;71;6;;;;;
W;
A;GMP;;;;9;;;;;
D;96wellrxnplate;;;72;9;;;;;
W;
A;GMP;;;;7;;;;;
D;96wellrxnplate;;;73;7;;;;;
W;
A;GMP;;;;3;;;;;
D;96wellrxnplate;;;74;3;;;;;
W;
A;GMP;;;;3;;;;;
D;96wellrxnplate;;;75;3;;;;;
W;
A;GMP;;;;3;;;;;
D;96wellrxnplate;;;76;3;;;;;
W;
A;GMP;;;;9;;;;;
D;96wellrxnplate;;;77;9;;;;;
W;
A;GMP;;;;9;;;;;
D;96wellrxnplate;;;78;9;;;;;
W;
A;GMP;;;;4;;;;;
D;96wellrxnplate;;;79;4;;;;;
W;
A;GMP;;;;9;;;;;
D;96wellrxnplate;;;80;9;;;;;
W;
A;GMP;;;;7;;;;;
D;96wellrxnplate;;;81;7;;;;;
W;
A;GMP;;;;6;;;;;
D;96wellrxnplate;;;82;6;;;;;
W;
A;GMP;;;;5;;;;;
D;96wellrxnplate;;;83;5;;;;;
W;
A;GMP;;;;3;;;;;
D;96wellrxnplate;;;84;3;;;;;
W;
A;GMP;;;;8;;;;;
D;96wellrxnplate;;;85;8;;;;;
W;
A;GMP;;;;6;;;;;
D;96wellrxnplate;;;86;6;;;;;
W;
A;GMP;;;;8;;;;;
D;96wellrxnplate;;;87;8;;;;;
W;
A;GMP;;;;6;;;;;
D;96wellrxnplate;;;88;6;;;;;
W;
A;GMP;;;;8;;;;;
D;96wellrxnplate;;;89;8;;;;;
W;
A;GMP;;;;5;;;;;
D;96wellrxnplate;;;90;5;;;;;
W;
A;GMP;;;;7;;;;;
D;96wellrxnplate;;;91;7;;;;;
W;
A;GMP;;;;8;;;;;
D;96wellrxnplate;;;92;8;;;;;
W;
A;GMP;;;;6;;;;;
D;96wellrxnplate;;;93;6;;;;;
W;
A;GMP;;;;8;;;;;
D;96wellrxnplate;;;94;8;;;;;
W;
A;GMP;;;;9;;;;;
D;96wellrxnplate;;;95;9;;;;;
W;
A;UMP;;;;6;;;;;
D;96wellrxnplate;;;0;6;;;;;
W;
A;UMP;;;;3;;;;;
D;96wellrxnplate;;;1;3;;;;;
W;
A;UMP;;;;5;;;;;
D;96wellrxnplate;;;2;5;;;;;
W;
A;UMP;;;;5;;;;;
D;96wellrxnplate;;;3;5;;;;;
W;
A;UMP;;;;5;;;;;
D;96wellrxnplate;;;4;5;;;;;
W;
A;UMP;;;;6;;;;;
D;96wellrxnplate;;;5;6;;;;;
W;
A;UMP;;;;9;;;;;
D;96wellrxnplate;;;6;9;;;;;
W;
A;UMP;;;;5;;;;;
D;96wellrxnplate;;;7;5;;;;;
W;
A;UMP;;;;8;;;;;
D;96wellrxnplate;;;8;8;;;;;
W;
A;UMP;;;;4;;;;;
D;96wellrxnplate;;;9;4;;;;;
W;
A;UMP;;;;5;;;;;
D;96wellrxnplate;;;10;5;;;;;
W;
A;UMP;;;;8;;;;;
D;96wellrxnplate;;;11;8;;;;;
W;
A;UMP;;;;6;;;;;
D;96wellrxnplate;;;12;6;;;;;
W;
A;UMP;;;;6;;;;;
D;96wellrxnplate;;;13;6;;;;;
W;
A;UMP;;;;5;;;;;
D;96wellrxnplate;;;14;5;;;;;
W;
A;UMP;;;;3;;;;;
D;96wellrxnplate;;;15;3;;;;;
W;
A;UMP;;;;8;;;;;
D;96wellrxnplate;;;16;8;;;;;
W;
A;UMP;;;;5;;;;;
D;96wellrxnplate;;;17;5;;;;;
W;
A;UMP;;;;6;;;;;
D;96wellrxnplate;;;18;6;;;;;
W;
A;UMP;;;;7;;;;;
D;96wellrxnplate;;;19;7;;;;;
W;
A;UMP;;;;8;;;;;
D;96wellrxnplate;;;20;8;;;;;
W;
A;UMP;;;;7;;;;;
D;96wellrxnplate;;;21;7;;;;;
W;
A;UMP;;;;4;;;;;
D;96wellrxnplate;;;22;4;;;;;
W;
A;UMP;;;;5;;;;;
D;96wellrxnplate;;;23;5;;;;;
W;
A;UMP;;;;3;;;;;
D;96wellrxnplate;;;24;3;;;;;
W;
A;UMP;;;;3;;;;;
D;96wellrxnplate;;;25;3;;;;;
W;
A;UMP;;;;6;;;;;
D;96wellrxnplate;;;26;6;;;;;
W;
A;UMP;;;;8;;;;;
D;96wellrxnplate;;;27;8;;;;;
W;
A;UMP;;;;9;;;;;
D;96wellrxnplate;;;28;9;;;;;
W;
A;UMP;;;;8;;;;;
D;96wellrxnplate;;;29;8;;;;;
W;
A;UMP;;;;9;;;;;
D;96wellrxnplate;;;30;9;;;;;
W;
A;UMP;;;;7;;;;;
D;96wellrxnplate;;;31;7;;;;;
W;
A;UMP;;;;7;;;;;
D;96wellrxnplate;;;32;7;;;;;
W;
A;UMP;;;;3;;;;;
D;96wellrxnplate;;;33;3;;;;;
W;
A;UMP;;;;4;;;;;
D;96wellrxnplate;;;34;4;;;;;
W;
A;UMP;;;;7;;;;;
D;96wellrxnplate;;;35;7;;;;;
W;
A;UMP;;;;7;;;;;
D;96wellrxnplate;;;36;7;;;;;
W;
A;UMP;;;;5;;;;;
D;96wellrxnplate;;;37;5;;;;;
W;
A;UMP;;;;5;;;;;
D;96wellrxnplate;;;38;5;;;;;
W;
A;UMP;;;;5;;;;;
D;96wellrxnplate;;;39;5;;;;;
W;
A;UMP;;;;8;;;;;
D;96wellrxnplate;;;40;8;;;;;
W;
A;UMP;;;;8;;;;;
D;96wellrxnplate;;;41;8;;;;;
W;
A;UMP;;;;5;;;;;
D;96wellrxnplate;;;42;5;;;;;
W;
A;UMP;;;;4;;;;;
D;96wellrxnplate;;;43;4;;;;;
W;
A;UMP;;;;7;;;;;
D;96wellrxnplate;;;44;7;;;;;
W;
A;UMP;;;;6;;;;;
D;96wellrxnplate;;;45;6;;;;;
W;
A;UMP;;;;5;;;;;
D;96wellrxnplate;;;46;5;;;;;
W;
A;UMP;;;;7;;;;;
D;96wellrxnplate;;;47;7;;;;;
W;
A;UMP;;;;5;;;;;
D;96wellrxnplate;;;48;5;;;;;
W;
A;UMP;;;;3;;;;;
D;96wellrxnplate;;;49;3;;;;;
W;
A;UMP;;;;5;;;;;
D;96wellrxnplate;;;50;5;;;;;
W;
A;UMP;;;;7;;;;;
D;96wellrxnplate;;;51;7;;;;;
W;
A;UMP;;;;3;;;;;
D;96wellrxnplate;;;52;3;;;;;
W;
A;UMP;;;;9;;;;;
D;96wellrxnplate;;;53;9;;;;;
W;
A;UMP;;;;8;;;;;
D;96wellrxnplate;;;54;8;;;;;
W;
A;UMP;;;;8;;;;;
D;96wellrxnplate;;;55;8;;;;;
W;
A;UMP;;;;7;;;;;
D;96wellrxnplate;;;56;7;;;;;
W;
A;UMP;;;;7;;;;;
D;96wellrxnplate;;;57;7;;;;;
W;
A;UMP;;;;8;;;;;
D;96wellrxnplate;;;58;8;;;;;
W;
A;UMP;;;;5;;;;;
D;96wellrxnplate;;;59;5;;;;;
W;
A;UMP;;;;4;;;;;
D;96wellrxnplate;;;60;4;;;;;
W;
A;UMP;;;;9;;;;;
D;96wellrxnplate;;;61;9;;;;;
W;
A;UMP;;;;6;;;;;
D;96wellrxnplate;;;62;6;;;;;
W;
A;UMP;;;;8;;;;;
D;96wellrxnplate;;;63;8;;;;;
W;
A;UMP;;;;4;;;;;
D;96wellrxnplate;;;64;4;;;;;
W;
A;UMP;;;;7;;;;;
D;96wellrxnplate;;;65;7;;;;;
W;
A;UMP;;;;8;;;;;
D;96wellrxnplate;;;66;8;;;;;
W;
A;UMP;;;;5;;;;;
D;96wellrxnplate;;;67;5;;;;;
W;
A;UMP;;;;6;;;;;
D;96wellrxnplate;;;68;6;;;;;
W;
A;UMP;;;;9;;;;;
D;96wellrxnplate;;;69;9;;;;;
W;
A;UMP;;;;6;;;;;
D;96wellrxnplate;;;70;6;;;;;
W;
A;UMP;;;;6;;;;;
D;96wellrxnplate;;;71;6;;;;;
W;
A;UMP;;;;6;;;;;
D;96wellrxnplate;;;72;6;;;;;
W;
A;UMP;;;;8;;;;;
D;96wellrxnplate;;;73;8;;;;;
W;
A;UMP;;;;5;;;;;
D;96wellrxnplate;;;74;5;;;;;
W;
A;UMP;;;;5;;;;;
D;96wellrxnplate;;;75;5;;;;;
W;
A;UMP;;;;5;;;;;
D;96wellrxnplate;;;76;5;;;;;
W;
A;UMP;;;;4;;;;;
D;96wellrxnplate;;;77;4;;;;;
W;
A;UMP;;;;3;;;;;
D;96wellrxnplate;;;78;3;;;;;
W;
A;UMP;;;;4;;;;;
D;96wellrxnplate;;;79;4;;;;;
W;
A;UMP;;;;4;;;;;
D;96wellrxnplate;;;80;4;;;;;
W;
A;UMP;;;;3;;;;;
D;96wellrxnplate;;;81;3;;;;;
W;
A;UMP;;;;7;;;;;
D;96wellrxnplate;;;82;7;;;;;
W;
A;UMP;;;;5;;;;;
D;96wellrxnplate;;;83;5;;;;;
W;
A;UMP;;;;8;;;;;
D;96wellrxnplate;;;84;8;;;;;
W;
A;UMP;;;;7;;;;;
D;96wellrxnplate;;;85;7;;;;;
W;
A;UMP;;;;7;;;;;
D;96wellrxnplate;;;86;7;;;;;
W;
A;UMP;;;;9;;;;;
D;96wellrxnplate;;;87;9;;;;;
W;
A;UMP;;;;3;;;;;
D;96wellrxnplate;;;88;3;;;;;
W;
A;UMP;;;;3;;;;;
D;96wellrxnplate;;;89;3;;;;;
W;
A;UMP;;;;3;;;;;
D;96wellrxnplate;;;90;3;;;;;
W;
A;UMP;;;;7;;;;;
D;96wellrxnplate;;;91;7;;;;;
W;
A;UMP;;;;3;;;;;
D;96wellrxnplate;;;92;3;;;;;
W;
A;UMP;;;;4;;;;;
D;96wellrxnplate;;;93;4;;;;;
W;
A;UMP;;;;6;;;;;
D;96wellrxnplate;;;94;6;;;;;
W;
A;UMP;;;;6;;;;;
D;96wellrxnplate;;;95;6;;;;;
W;
A;CMP;;;;5;;;;;
D;96wellrxnplate;;;0;5;;;;;
W;
A;CMP;;;;5;;;;;
D;96wellrxnplate;;;1;5;;;;;
W;
A;CMP;;;;5;;;;;
D;96wellrxnplate;;;2;5;;;;;
W;
A;CMP;;;;8;;;;;
D;96wellrxnplate;;;3;8;;;;;
W;
A;CMP;;;;9;;;;;
D;96wellrxnplate;;;4;9;;;;;
W;
A;CMP;;;;5;;;;;
D;96wellrxnplate;;;5;5;;;;;
W;
A;CMP;;;;4;;;;;
D;96wellrxnplate;;;6;4;;;;;
W;
A;CMP;;;;6;;;;;
D;96wellrxnplate;;;7;6;;;;;
W;
A;CMP;;;;4;;;;;
D;96wellrxnplate;;;8;4;;;;;
W;
A;CMP;;;;6;;;;;
D;96wellrxnplate;;;9;6;;;;;
W;
A;CMP;;;;9;;;;;
D;96wellrxnplate;;;10;9;;;;;
W;
A;CMP;;;;5;;;;;
D;96wellrxnplate;;;11;5;;;;;
W;
A;CMP;;;;4;;;;;
D;96wellrxnplate;;;12;4;;;;;
W;
A;CMP;;;;4;;;;;
D;96wellrxnplate;;;13;4;;;;;
W;
A;CMP;;;;7;;;;;
D;96wellrxnplate;;;14;7;;;;;
W;
A;CMP;;;;6;;;;;
D;96wellrxnplate;;;15;6;;;;;
W;
A;CMP;;;;5;;;;;
D;96wellrxnplate;;;16;5;;;;;
W;
A;CMP;;;;4;;;;;
D;96wellrxnplate;;;17;4;;;;;
W;
A;CMP;;;;3;;;;;
D;96wellrxnplate;;;18;3;;;;;
W;
A;CMP;;;;3;;;;;
D;96wellrxnplate;;;19;3;;;;;
W;
A;CMP;;;;7;;;;;
D;96wellrxnplate;;;20;7;;;;;
W;
A;CMP;;;;5;;;;;
D;96wellrxnplate;;;21;5;;;;;
W;
A;CMP;;;;3;;;;;
D;96wellrxnplate;;;22;3;;;;;
W;
A;CMP;;;;9;;;;;
D;96wellrxnplate;;;23;9;;;;;
W;
A;CMP;;;;8;;;;;
D;96wellrxnplate;;;24;8;;;;;
W;
A;CMP;;;;6;;;;;
D;96wellrxnplate;;;25;6;;;;;
W;
A;CMP;;;;7;;;;;
D;96wellrxnplate;;;26;7;;;;;
W;
A;CMP;;;;6;;;;;
D;96wellrxnplate;;;27;6;;;;;
W;
A;CMP;;;;3;;;;;
D;96wellrxnplate;;;28;3;;;;;
W;
A;CMP;;;;7;;;;;
D;96wellrxnplate;;;29;7;;;;;
W;
A;CMP;;;;9;;;;;
D;96wellrxnplate;;;30;9;;;;;
W;
A;CMP;;;;8;;;;;
D;96wellrxnplate;;;31;8;;;;;
W;
A;CMP;;;;6;;;;;
D;96wellrxnplate;;;32;6;;;;;
W;
A;CMP;;;;6;;;;;
D;96wellrxnplate;;;33;6;;;;;
W;
A;CMP;;;;6;;;;;
D;96wellrxnplate;;;34;6;;;;;
W;
A;CMP;;;;5;;;;;
D;96wellrxnplate;;;35;5;;;;;
W;
A;CMP;;;;3;;;;;
D;96wellrxnplate;;;36;3;;;;;
W;
A;CMP;;;;6;;;;;
D;96wellrxnplate;;;37;6;;;;;
W;
A;CMP;;;;7;;;;;
D;96wellrxnplate;;;38;7;;;;;
W;
A;CMP;;;;4;;;;;
D;96wellrxnplate;;;39;4;;;;;
W;
A;CMP;;;;9;;;;;
D;96wellrxnplate;;;40;9;;;;;
W;
A;CMP;;;;6;;;;;
D;96wellrxnplate;;;41;6;;;;;
W;
A;CMP;;;;8;;;;;
D;96wellrxnplate;;;42;8;;;;;
W;
A;CMP;;;;3;;;;;
D;96wellrxnplate;;;43;3;;;;;
W;
A;CMP;;;;3;;;;;
D;96wellrxnplate;;;44;3;;;;;
W;
A;CMP;;;;7;;;;;
D;96wellrxnplate;;;45;7;;;;;
W;
A;CMP;;;;5;;;;;
D;96wellrxnplate;;;46;5;;;;;
W;
A;CMP;;;;5;;;;;
D;96wellrxnplate;;;47;5;;;;;
W;
A;CMP;;;;3;;;;;
D;96wellrxnplate;;;48;3;;;;;
W;
A;CMP;;;;8;;;;;
D;96wellrxnplate;;;49;8;;;;;
W;
A;CMP;;;;8;;;;;
D;96wellrxnplate;;;50;8;;;;;
W;
A;CMP;;;;6;;;;;
D;96wellrxnplate;;;51;6;;;;;
W;
A;CMP;;;;3;;;;;
D;96wellrxnplate;;;52;3;;;;;
W;
A;CMP;;;;8;;;;;
D;96wellrxnplate;;;53;8;;;;;
W;
A;CMP;;;;3;;;;;
D;96wellrxnplate;;;54;3;;;;;
W;
A;CMP;;;;5;;;;;
D;96wellrxnplate;;;55;5;;;;;
W;
A;CMP;;;;8;;;;;
D;96wellrxnplate;;;56;8;;;;;
W;
A;CMP;;;;5;;;;;
D;96wellrxnplate;;;57;5;;;;;
W;
A;CMP;;;;4;;;;;
D;96wellrxnplate;;;58;4;;;;;
W;
A;CMP;;;;6;;;;;
D;96wellrxnplate;;;59;6;;;;;
W;
A;CMP;;;;7;;;;;
D;96wellrxnplate;;;60;7;;;;;
W;
A;CMP;;;;7;;;;;
D;96wellrxnplate;;;61;7;;;;;
W;
A;CMP;;;;5;;;;;
D;96wellrxnplate;;;62;5;;;;;
W;
A;CMP;;;;9;;;;;
D;96wellrxnplate;;;63;9;;;;;
W;
A;CMP;;;;5;;;;;
D;96wellrxnplate;;;64;5;;;;;
W;
A;CMP;;;;3;;;;;
D;96wellrxnplate;;;65;3;;;;;
W;
A;CMP;;;;3;;;;;
D;96wellrxnplate;;;66;3;;;;;
W;
A;CMP;;;;6;;;;;
D;96wellrxnplate;;;67;6;;;;;
W;
A;CMP;;;;9;;;;;
D;96wellrxnplate;;;68;9;;;;;
W;
A;CMP;;;;4;;;;;
D;96wellrxnplate;;;69;4;;;;;
W;
A;CMP;;;;9;;;;;
D;96wellrxnplate;;;70;9;;;;;
W;
A;CMP;;;;6;;;;;
D;96wellrxnplate;;;71;6;;;;;
W;
A;CMP;;;;4;;;;;
D;96wellrxnplate;;;72;4;;;;;
W;
A;CMP;;;;4;;;;;
D;96wellrxnplate;;;73;4;;;;;
W;
A;CMP;;;;9;;;;;
D;96wellrxnplate;;;74;9;;;;;
W;
A;CMP;;;;9;;;;;
D;96wellrxnplate;;;75;9;;;;;
W;
A;CMP;;;;4;;;;;
D;96wellrxnplate;;;76;4;;;;;
W;
A;CMP;;;;6;;;;;
D;96wellrxnplate;;;77;6;;;;;
W;
A;CMP;;;;4;;;;;
D;96wellrxnplate;;;78;4;;;;;
W;
A;CMP;;;;7;;;;;
D;96wellrxnplate;;;79;7;;;;;
W;
A;CMP;;;;7;;;;;
D;96wellrxnplate;;;80;7;;;;;
W;
A;CMP;;;;3;;;;;
D;96wellrxnplate;;;81;3;;;;;
W;
A;CMP;;;;6;;;;;
D;96wellrxnplate;;;82;6;;;;;
W;
A;CMP;;;;8;;;;;
D;96wellrxnplate;;;83;8;;;;;
W;
A;CMP;;;;5;;;;;
D;96wellrxnplate;;;84;5;;;;;
W;
A;CMP;;;;9;;;;;
D;96wellrxnplate;;;85;9;;;;;
W;
A;CMP;;;;8;;;;;
D;96wellrxnplate;;;86;8;;;;;
W;
A;CMP;;;;9;;;;;
D;96wellrxnplate;;;87;9;;;;;
W;
A;CMP;;;;4;;;;;
D;96wellrxnplate;;;88;4;;;;;
W;
A;CMP;;;;6;;;;;
D;96wellrxnplate;;;89;6;;;;;
W;
A;CMP;;;;9;;;;;
D;96wellrxnplate;;;90;9;;;;;
W;
A;CMP;;;;6;;;;;
D;96wellrxnplate;;;91;6;;;;;
W;
A;CMP;;;;3;;;;;
D;96wellrxnplate;;;92;3;;;;;
W;
A;CMP;;;;6;;;;;
D;96wellrxnplate;;;93;6;;;;;
W;
A;CMP;;;;6;;;;;
D;96wellrxnplate;;;94;6;;;;;
W;
A;CMP;;;;3;;;;;
D;96wellrxnplate;;;95;3;;;;;
W;
A;cf_extract;;;;3;;;;;
D;96wellrxnplate;;;0;3;;;;;
W;
A;cf_extract;;;;6;;;;;
D;96wellrxnplate;;;1;6;;;;;
W;
A;cf_extract;;;;3;;;;;
D;96wellrxnplate;;;2;3;;;;;
W;
A;cf_extract;;;;6;;;;;
D;96wellrxnplate;;;3;6;;;;;
W;
A;cf_extract;;;;8;;;;;
D;96wellrxnplate;;;4;8;;;;;
W;
A;cf_extract;;;;9;;;;;
D;96wellrxnplate;;;5;9;;;;;
W;
A;cf_extract;;;;5;;;;;
D;96wellrxnplate;;;6;5;;;;;
W;
A;cf_extract;;;;7;;;;;
D;96wellrxnplate;;;7;7;;;;;
W;
A;cf_extract;;;;7;;;;;
D;96wellrxnplate;;;8;7;;;;;
W;
A;cf_extract;;;;7;;;;;
D;96wellrxnplate;;;9;7;;;;;
W;
A;cf_extract;;;;5;;;;;
D;96wellrxnplate;;;10;5;;;;;
W;
A;cf_extract;;;;5;;;;;
D;96wellrxnplate;;;11;5;;;;;
W;
A;cf_extract;;;;4;;;;;
D;96wellrxnplate;;;12;4;;;;;
W;
A;cf_extract;;;;3;;;;;
D;96wellrxnplate;;;13;3;;;;;
W;
A;cf_extract;;;;4;;;;;
D;96wellrxnplate;;;14;4;;;;;
W;
A;cf_extract;;;;9;;;;;
D;96wellrxnplate;;;15;9;;;;;
W;
A;cf_extract;;;;6;;;;;
D;96wellrxnplate;;;16;6;;;;;
W;
A;cf_extract;;;;4;;;;;
D;96wellrxnplate;;;17;4;;;;;
W;
A;cf_extract;;;;9;;;;;
D;96wellrxnplate;;;18;9;;;;;
W;
A;cf_extract;;;;9;;;;;
D;96wellrxnplate;;;19;9;;;;;
W;
A;cf_extract;;;;8;;;;;
D;96wellrxnplate;;;20;8;;;;;
W;
A;cf_extract;;;;5;;;;;
D;96wellrxnplate;;;21;5;;;;;
W;
A;cf_extract;;;;9;;;;;
D;96wellrxnplate;;;22;9;;;;;
W;
A;cf_extract;;;;6;;;;;
D;96wellrxnplate;;;23;6;;;;;
W;
A;cf_extract;;;;8;;;;;
D;96wellrxnplate;;;24;8;;;;;
W;
A;cf_extract;;;;6;;;;;
D;96wellrxnplate;;;25;6;;;;;
W;
A;cf_extract;;;;8;;;;;
D;96wellrxnplate;;;26;8;;;;;
W;
A;cf_extract;;;;6;;;;;
D;96wellrxnplate;;;27;6;;;;;
W;
A;cf_extract;;;;6;;;;;
D;96wellrxnplate;;;28;6;;;;;
W;
A;cf_extract;;;;9;;;;;
D;96wellrxnplate;;;29;9;;;;;
W;
A;cf_extract;;;;8;;;;;
D;96wellrxnplate;;;30;8;;;;;
W;
A;cf_extract;;;;3;;;;;
D;96wellrxnplate;;;31;3;;;;;
W;
A;cf_extract;;;;8;;;;;
D;96wellrxnplate;;;32;8;;;;;
W;
A;cf_extract;;;;8;;;;;
D;96wellrxnplate;;;33;8;;;;;
W;
A;cf_extract;;;;4;;;;;
D;96wellrxnplate;;;34;4;;;;;
W;
A;cf_extract;;;;7;;;;;
D;96wellrxnplate;;;35;7;;;;;
W;
A;cf_extract;;;;3;;;;;
D;96wellrxnplate;;;36;3;;;;;
W;
A;cf_extract;;;;6;;;;;
D;96wellrxnplate;;;37;6;;;;;
W;
A;cf_extract;;;;4;;;;;
D;96wellrxnplate;;;38;4;;;;;
W;
A;cf_extract;;;;3;;;;;
D;96wellrxnplate;;;39;3;;;;;
W;
A;cf_extract;;;;4;;;;;
D;96wellrxnplate;;;40;4;;;;;
W;
A;cf_extract;;;;6;;;;;
D;96wellrxnplate;;;41;6;;;;;
W;
A;cf_extract;;;;3;;;;;
D;96wellrxnplate;;;42;3;;;;;
W;
A;cf_extract;;;;3;;;;;
D;96wellrxnplate;;;43;3;;;;;
W;
A;cf_extract;;;;7;;;;;
D;96wellrxnplate;;;44;7;;;;;
W;
A;cf_extract;;;;9;;;;;
D;96wellrxnplate;;;45;9;;;;;
W;
A;cf_extract;;;;3;;;;;
D;96wellrxnplate;;;46;3;;;;;
W;
A;cf_extract;;;;6;;;;;
D;96wellrxnplate;;;47;6;;;;;
W;
A;cf_extract;;;;8;;;;;
D;96wellrxnplate;;;48;8;;;;;
W;
A;cf_extract;;;;4;;;;;
D;96wellrxnplate;;;49;4;;;;;
W;
A;cf_extract;;;;5;;;;;
D;96wellrxnplate;;;50;5;;;;;
W;
A;cf_extract;;;;8;;;;;
D;96wellrxnplate;;;51;8;;;;;
W;
A;cf_extract;;;;7;;;;;
D;96wellrxnplate;;;52;7;;;;;
W;
A;cf_extract;;;;6;;;;;
D;96wellrxnplate;;;53;6;;;;;
W;
A;cf_extract;;;;5;;;;;
D;96wellrxnplate;;;54;5;;;;;
W;
A;cf_extract;;;;7;;;;;
D;96wellrxnplate;;;55;7;;;;;
W;
A;cf_extract;;;;8;;;;;
D;96wellrxnplate;;;56;8;;;;;
W;
A;cf_extract;;;;3;;;;;
D;96wellrxnplate;;;57;3;;;;;
W;
A;cf_extract;;;;5;;;;;
D;96wellrxnplate;;;58;5;;;;;
W;
A;cf_extract;;;;8;;;;;
D;96wellrxnplate;;;59;8;;;;;
W;
A;cf_extract;;;;9;;;;;
D;96wellrxnplate;;;60;9;;;;;
W;
A;cf_extract;;;;4;;;;;
D;96wellrxnplate;;;61;4;;;;;
W;
A;cf_extract;;;;5;;;;;
D;96wellrxnplate;;;62;5;;;;;
W;
A;cf_extract;;;;9;;;;;
D;96wellrxnplate;;;63;9;;;;;
W;
A;cf_extract;;;;9;;;;;
D;96wellrxnplate;;;64;9;;;;;
W;
A;cf_extract;;;;7;;;;;
D;96wellrxnplate;;;65;7;;;;;
W;
A;cf_extract;;;;3;;;;;
D;96wellrxnplate;;;66;3;;;;;
W;
A;cf_extract;;;;5;;;;;
D;96wellrxnplate;;;67;5;;;;;
W;
A;cf_extract;;;;5;;;;;
D;96wellrxnplate;;;68;5;;;;;
W;
A;cf_extract;;;;3;;;;;
D;96wellrxnplate;;;69;3;;;;;
W;
A;cf_extract;;;;6;;;;;
D;96wellrxnplate;;;70;6;;;;;
W;
A;cf_extract;;;;3;;;;;
D;96wellrxnplate;;;71;3;;;;;
W;
A;cf_extract;;;;3;;;;;
D;96wellrxnplate;;;72;3;;;;;
W;
A;cf_extract;;;;9;;;;;
D;96wellrxnplate;;;73;9;;;;;
W;
A;cf_extract;;;;7;;;;;
D;96wellrxnplate;;;74;7;;;;;
W;
A;cf_extract;;;;5;;;;;
D;96wellrxnplate;;;75;5;;;;;
W;
A;cf_extract;;;;3;;;;;
D;96wellrxnplate;;;76;3;;;;;
W;
A;cf_extract;;;;4;;;;;
D;96wellrxnplate;;;77;4;;;;;
W;
A;cf_extract;;;;8;;;;;
D;96wellrxnplate;;;78;8;;;;;
W;
A;cf_extract;;;;6;;;;;
D;96wellrxnplate;;;79;6;;;;;
W;
A;cf_extract;;;;8;;;;;
D;96wellrxnplate;;;80;8;;;;;
W;
A;cf_extract;;;;6;;;;;
D;96wellrxnplate;;;81;6;;;;;
W;
A;cf_extract;;;;7;;;;;
D;96wellrxnplate;;;82;7;;;;;
W;
A;cf_extract;;;;7;;;;;
D;96wellrxnplate;;;83;7;;;;;
W;
A;cf_extract;;;;6;;;;;
D;96wellrxnplate;;;84;6;;;;;
W;
A;cf_extract;;;;8;;;;;
D;96wellrxnplate;;;85;8;;;;;
W;
A;cf_extract;;;;7;;;;;
D;96wellrxnplate;;;86;7;;;;;
W;
A;cf_extract;;;;4;;;;;
D;96wellrxnplate;;;87;4;;;;;
W;
A;cf_extract;;;;8;;;;;
D;96wellrxnplate;;;88;8;;;;;
W;
A;cf_extract;;;;5;;;;;
D;96wellrxnplate;;;89;5;;;;;
W;
A;cf_extract;;;;7;;;;;
D;96wellrxnplate;;;90;7;;;;;
W;
A;cf_extract;;;;5;;;;;
D;96wellrxnplate;;;91;5;;;;;
W;
A;cf_extract;;;;9;;;;;
D;96wellrxnplate;;;92;9;;;;;
W;
A;cf_extract;;;;9;;;;;
D;96wellrxnplate;;;93;9;;;;;
W;
A;cf_extract;;;;4;;;;;
D;96wellrxnplate;;;94;4;;;;;
W;
A;cf_extract;;;;5;;;;;
D;96wellrxnplate;;;95;5;;;;;
W;
A;dna;;;;6;;;;;
D;96wellrxnplate;;;0;6;;;;;
W;
A;dna;;;;7;;;;;
D;96wellrxnplate;;;1;7;;;;;
W;
A;dna;;;;6;;;;;
D;96wellrxnplate;;;2;6;;;;;
W;
A;dna;;;;7;;;;;
D;96wellrxnplate;;;3;7;;;;;
W;
A;dna;;;;9;;;;;
D;96wellrxnplate;;;4;9;;;;;
W;
A;dna;;;;5;;;;;
D;96wellrxnplate;;;5;5;;;;;
W;
A;dna;;;;8;;;;;
D;96wellrxnplate;;;6;8;;;;;
W;
A;dna;;;;3;;;;;
D;96wellrxnplate;;;7;3;;;;;
W;
A;dna;;;;6;;;;;
D;96wellrxnplate;;;8;6;;;;;
W;
A;dna;;;;7;;;;;
D;96wellrxnplate;;;9;7;;;;;
W;
A;dna;;;;8;;;;;
D;96wellrxnplate;;;10;8;;;;;
W;
A;dna;;;;5;;;;;
D;96wellrxnplate;;;11;5;;;;;
W;
A;dna;;;;5;;;;;
D;96wellrxnplate;;;12;5;;;;;
W;
A;dna;;;;8;;;;;
D;96wellrxnplate;;;13;8;;;;;
W;
A;dna;;;;4;;;;;
D;96wellrxnplate;;;14;4;;;;;
W;
A;dna;;;;5;;;;;
D;96wellrxnplate;;;15;5;;;;;
W;
A;dna;;;;4;;;;;
D;96wellrxnplate;;;16;4;;;;;
W;
A;dna;;;;6;;;;;
D;96wellrxnplate;;;17;6;;;;;
W;
A;dna;;;;3;;;;;
D;96wellrxnplate;;;18;3;;;;;
W;
A;dna;;;;9;;;;;
D;96wellrxnplate;;;19;9;;;;;
W;
A;dna;;;;8;;;;;
D;96wellrxnplate;;;20;8;;;;;
W;
A;dna;;;;4;;;;;
D;96wellrxnplate;;;21;4;;;;;
W;
A;dna;;;;3;;;;;
D;96wellrxnplate;;;22;3;;;;;
W;
A;dna;;;;4;;;;;
D;96wellrxnplate;;;23;4;;;;;
W;
A;dna;;;;9;;;;;
D;96wellrxnplate;;;24;9;;;;;
W;
A;dna;;;;9;;;;;
D;96wellrxnplate;;;25;9;;;;;
W;
A;dna;;;;4;;;;;
D;96wellrxnplate;;;26;4;;;;;
W;
A;dna;;;;6;;;;;
D;96wellrxnplate;;;27;6;;;;;
W;
A;dna;;;;7;;;;;
D;96wellrxnplate;;;28;7;;;;;
W;
A;dna;;;;8;;;;;
D;96wellrxnplate;;;29;8;;;;;
W;
A;dna;;;;5;;;;;
D;96wellrxnplate;;;30;5;;;;;
W;
A;dna;;;;3;;;;;
D;96wellrxnplate;;;31;3;;;;;
W;
A;dna;;;;6;;;;;
D;96wellrxnplate;;;32;6;;;;;
W;
A;dna;;;;6;;;;;
D;96wellrxnplate;;;33;6;;;;;
W;
A;dna;;;;3;;;;;
D;96wellrxnplate;;;34;3;;;;;
W;
A;dna;;;;4;;;;;
D;96wellrxnplate;;;35;4;;;;;
W;
A;dna;;;;7;;;;;
D;96wellrxnplate;;;36;7;;;;;
W;
A;dna;;;;5;;;;;
D;96wellrxnplate;;;37;5;;;;;
W;
A;dna;;;;3;;;;;
D;96wellrxnplate;;;38;3;;;;;
W;
A;dna;;;;6;;;;;
D;96wellrxnplate;;;39;6;;;;;
W;
A;dna;;;;6;;;;;
D;96wellrxnplate;;;40;6;;;;;
W;
A;dna;;;;4;;;;;
D;96wellrxnplate;;;41;4;;;;;
W;
A;dna;;;;3;;;;;
D;96wellrxnplate;;;42;3;;;;;
W;
A;dna;;;;6;;;;;
D;96wellrxnplate;;;43;6;;;;;
W;
A;dna;;;;9;;;;;
D;96wellrxnplate;;;44;9;;;;;
W;
A;dna;;;;4;;;;;
D;96wellrxnplate;;;45;4;;;;;
W;
A;dna;;;;8;;;;;
D;96wellrxnplate;;;46;8;;;;;
W;
A;dna;;;;5;;;;;
D;96wellrxnplate;;;47;5;;;;;
W;
A;dna;;;;8;;;;;
D;96wellrxnplate;;;48;8;;;;;
W;
A;dna;;;;6;;;;;
D;96wellrxnplate;;;49;6;;;;;
W;
A;dna;;;;9;;;;;
D;96wellrxnplate;;;50;9;;;;;
W;
A;dna;;;;6;;;;;
D;96wellrxnplate;;;51;6;;;;;
W;
A;dna;;;;6;;;;;
D;96wellrxnplate;;;52;6;;;;;
W;
A;dna;;;;8;;;;;
D;96wellrxnplate;;;53;8;;;;;
W;
A;dna;;;;7;;;;;
D;96wellrxnplate;;;54;7;;;;;
W;
A;dna;;;;9;;;;;
D;96wellrxnplate;;;55;9;;;;;
W;
A;dna;;;;9;;;;;
D;96wellrxnplate;;;56;9;;;;;
W;
A;dna;;;;9;;;;;
D;96wellrxnplate;;;57;9;;;;;
W;
A;dna;;;;8;;;;;
D;96wellrxnplate;;;58;8;;;;;
W;
A;dna;;;;7;;;;;
D;96wellrxnplate;;;59;7;;;;;
W;
A;dna;;;;4;;;;;
D;96wellrxnplate;;;60;4;;;;;
W;
A;dna;;;;4;;;;;
D;96wellrxnplate;;;61;4;;;;;
W;
A;dna;;;;8;;;;;
D;96wellrxnplate;;;62;8;;;;;
W;
A;dna;;;;9;;;;;
D;96wellrxnplate;;;63;9;;;;;
W;
A;dna;;;;8;;;;;
D;96wellrxnplate;;;64;8;;;;;
W;
A;dna;;;;8;;;;;
D;96wellrxnplate;;;65;8;;;;;
W;
A;dna;;;;7;;;;;
D;96wellrxnplate;;;66;7;;;;;
W;
A;dna;;;;7;;;;;
D;96wellrxnplate;;;67;7;;;;;
W;
A;dna;;;;8;;;;;
D;96wellrxnplate;;;68;8;;;;;
W;
A;dna;;;;3;;;;;
D;96wellrxnplate;;;69;3;;;;;
W;
A;dna;;;;8;;;;;
D;96wellrxnplate;;;70;8;;;;;
W;
A;dna;;;;3;;;;;
D;96wellrxnplate;;;71;3;;;;;
W;
A;dna;;;;4;;;;;
D;96wellrxnplate;;;72;4;;;;;
W;
A;dna;;;;6;;;;;
D;96wellrxnplate;;;73;6;;;;;
W;
A;dna;;;;3;;;;;
D;96wellrxnplate;;;74;3;;;;;
W;
A;dna;;;;7;;;;;
D;96wellrxnplate;;;75;7;;;;;
W;
A;dna;;;;3;;;;;
D;96wellrxnplate;;;76;3;;;;;
W;
A;dna;;;;4;;;;;
D;96wellrxnplate;;;77;4;;;;;
W;
A;dna;;;;5;;;;;
D;96wellrxnplate;;;78;5;;;;;
W;
A;dna;;;;8;;;;;
D;96wellrxnplate;;;79;8;;;;;
W;
A;dna;;;;9;;;;;
D;96wellrxnplate;;;80;9;;;;;
W;
A;dna;;;;5;;;;;
D;96wellrxnplate;;;81;5;;;;;
W;
A;dna;;;;9;;;;;
D;96wellrxnplate;;;82;9;;;;;
W;
A;dna;;;;6;;;;;
D;96wellrxnplate;;;83;6;;;;;
W;
A;dna;;;;8;;;;;
D;96wellrxnplate;;;84;8;;;;;
W;
A;dna;;;;5;;;;;
D;96wellrxnplate;;;85;5;;;;;
W;
A;dna;;;;3;;;;;
D;96wellrxnplate;;;86;3;;;;;
W;
A;dna;;;;4;;;;;
D;96wellrxnplate;;;87;4;;;;;
W;
A;dna;;;;8;;;;;
D;96wellrxnplate;;;88;8;;;;;
W;
A;dna;;;;7;;;;;
D;96wellrxnplate;;;89;7;;;;;
W;
A;dna;;;;9;;;;;
D;96wellrxnplate;;;90;9;;;;;
W;
A;dna;;;;8;;;;;
D;96wellrxnplate;;;91;8;;;;;
W;
A;dna;;;;8;;;;;
D;96wellrxnplate;;;92;8;;;;;
W;
A;dna;;;;4;;;;;
D;96wellrxnplate;;;93;4;;;;;
W;
A;dna;;;;5;;;;;
D;96wellrxnplate;;;94;5;;;;;
W;
A;dna;;;;7;;;;;
D;96wellrxnplate;;;95;7;;;;;
W;
A;water;;;;7;;;;;
D;96wellrxnplate;;;0;7;;;;;
W;
A;water;;;;3;;;;;
D;96wellrxnplate;;;1;3;;;;;
W;
A;water;;;;8;;;;;
D;96wellrxnplate;;;2;8;;;;;
W;
A;water;;;;5;;;;;
D;96wellrxnplate;;;3;5;;;;;
W;
A;water;;;;4;;;;;
D;96wellrxnplate;;;4;4;;;;;
W;
A;water;;;;5;;;;;
D;96wellrxnplate;;;5;5;;;;;
W;
A;water;;;;4;;;;;
D;96wellrxnplate;;;6;4;;;;;
W;
A;water;;;;7;;;;;
D;96wellrxnplate;;;7;7;;;;;
W;
A;water;;;;6;;;;;
D;96wellrxnplate;;;8;6;;;;;
W;
A;water;;;;5;;;;;
D;96wellrxnplate;;;9;5;;;;;
W;
A;water;;;;9;;;;;
D;96wellrxnplate;;;10;9;;;;;
W;
A;water;;;;9;;;;;
D;96wellrxnplate;;;11;9;;;;;
W;
A;water;;;;8;;;;;
D;96wellrxnplate;;;12;8;;;;;
W;
A;water;;;;9;;;;;
D;96wellrxnplate;;;13;9;;;;;
W;
A;water;;;;4;;;;;
D;96wellrxnplate;;;14;4;;;;;
W;
A;water;;;;4;;;;;
D;96wellrxnplate;;;15;4;;;;;
W;
A;water;;;;6;;;;;
D;96wellrxnplate;;;16;6;;;;;
W;
A;water;;;;5;;;;;
D;96wellrxnplate;;;17;5;;;;;
W;
A;water;;;;7;;;;;
D;96wellrxnplate;;;18;7;;;;;
W;
A;water;;;;7;;;;;
D;96wellrxnplate;;;19;7;;;;;
W;
A;water;;;;8;;;;;
D;96wellrxnplate;;;20;8;;;;;
W;
A;water;;;;5;;;;;
D;96wellrxnplate;;;21;5;;;;;
W;
A;water;;;;9;;;;;
D;96wellrxnplate;;;22;9;;;;;
W;
A;water;;;;5;;;;;
D;96wellrxnplate;;;23;5;;;;;
W;
A;water;;;;3;;;;;
D;96wellrxnplate;;;24;3;;;;;
W;
A;water;;;;8;;;;;
D;96wellrxnplate;;;25;8;;;;;
W;
A;water;;;;5;;;;;
D;96wellrxnplate;;;26;5;;;;;
W;
A;water;;;;6;;;;;
D;96wellrxnplate;;;27;6;;;;;
W;
A;water;;;;4;;;;;
D;96wellrxnplate;;;28;4;;;;;
W;
A;water;;;;7;;;;;
D;96wellrxnplate;;;29;7;;;;;
W;
A;water;;;;6;;;;;
D;96wellrxnplate;;;30;6;;;;;
W;
A;water;;;;5;;;;;
D;96wellrxnplate;;;31;5;;;;;
W;
A;water;;;;5;;;;;
D;96wellrxnplate;;;32;5;;;;;
W;
A;water;;;;8;;;;;
D;96wellrxnplate;;;33;8;;;;;
W;
A;water;;;;4;;;;;
D;96wellrxnplate;;;34;4;;;;;
W;
A;water;;;;7;;;;;
D;96wellrxnplate;;;35;7;;;;;
W;
A;water;;;;7;;;;;
D;96wellrxnplate;;;36;7;;;;;
W;
A;water;;;;9;;;;;
D;96wellrxnplate;;;37;9;;;;;
W;
A;water;;;;5;;;;;
D;96wellrxnplate;;;38;5;;;;;
W;
A;water;;;;4;;;;;
D;96wellrxnplate;;;39;4;;;;;
W;
A;water;;;;7;;;;;
D;96wellrxnplate;;;40;7;;;;;
W;
A;water;;;;7;;;;;
D;96wellrxnplate;;;41;7;;;;;
W;
A;water;;;;6;;;;;
D;96wellrxnplate;;;42;6;;;;;
W;
A;water;;;;7;;;;;
D;96wellrxnplate;;;43;7;;;;;
W;
A;water;;;;9;;;;;
D;96wellrxnplate;;;44;9;;;;;
W;
A;water;;;;9;;;;;
D;96wellrxnplate;;;45;9;;;;;
W;
A;water;;;;5;;;;;
D;96wellrxnplate;;;46;5;;;;;
W;
A;water;;;;5;;;;;
D;96wellrxnplate;;;47;5;;;;;
W;
A;water;;;;5;;;;;
D;96wellrxnplate;;;48;5;;;;;
W;
A;water;;;;4;;;;;
D;96wellrxnplate;;;49;4;;;;;
W;
A;water;;;;3;;;;;
D;96wellrxnplate;;;50;3;;;;;
W;
A;water;;;;8;;;;;
D;96wellrxnplate;;;51;8;;;;;
W;
A;water;;;;5;;;;;
D;96wellrxnplate;;;52;5;;;;;
W;
A;water;;;;4;;;;;
D;96wellrxnplate;;;53;4;;;;;
W;
A;water;;;;5;;;;;
D;96wellrxnplate;;;54;5;;;;;
W;
A;water;;;;7;;;;;
D;96wellrxnplate;;;55;7;;;;;
W;
A;water;;;;5;;;;;
D;96wellrxnplate;;;56;5;;;;;
W;
A;water;;;;4;;;;;
D;96wellrxnplate;;;57;4;;;;;
W;
A;water;;;;5;;;;;
D;96wellrxnplate;;;58;5;;;;;
W;
A;water;;;;7;;;;;
D;96wellrxnplate;;;59;7;;;;;
W;
A;water;;;;6;;;;;
D;96wellrxnplate;;;60;6;;;;;
W;
A;water;;;;8;;;;;
D;96wellrxnplate;;;61;8;;;;;
W;
A;water;;;;8;;;;;
D;96wellrxnplate;;;62;8;;;;;
W;
A;water;;;;7;;;;;
D;96wellrxnplate;;;63;7;;;;;
W;
A;water;;;;4;;;;;
D;96wellrxnplate;;;64;4;;;;;
W;
A;water;;;;6;;;;;
D;96wellrxnplate;;;65;6;;;;;
W;
A;water;;;;7;;;;;
D;96wellrxnplate;;;66;7;;;;;
W;
A;water;;;;8;;;;;
D;96wellrxnplate;;;67;8;;;;;
W;
A;water;;;;7;;;;;
D;96wellrxnplate;;;68;7;;;;;
W;
A;water;;;;7;;;;;
D;96wellrxnplate;;;69;7;;;;;
W;
A;water;;;;3;;;;;
D;96wellrxnplate;;;70;3;;;;;
W;
A;water;;;;7;;;;;
D;96wellrxnplate;;;71;7;;;;;
W;
A;water;;;;6;;;;;
D;96wellrxnplate;;;72;6;;;;;
W;
A;water;;;;5;;;;;
D;96wellrxnplate;;;73;5;;;;;
W;
A;water;;;;3;;;;;
D;96wellrxnplate;;;74;3;;;;;
W;
A;water;;;;4;;;;;
D;96wellrxnplate;;;75;4;;;;;
W;
A;water;;;;5;;;;;
D;96wellrxnplate;;;76;5;;;;;
W;
A;water;;;;7;;;;;
D;96wellrxnplate;;;77;7;;;;;
W;
A;water;;;;9;;;;;
D;96wellrxnplate;;;78;9;;;;;
W;
A;water;;;;6;;;;;
D;96wellrxnplate;;;79;6;;;;;
W;
A;water;;;;6;;;;;
D;96wellrxnplate;;;80;6;;;;;
W;
A;water;;;;7;;;;;
D;96wellrxnplate;;;81;7;;;;;
W;
A;water;;;;4;;;;;
D;96wellrxnplate;;;82;4;;;;;
W;
A;water;;;;5;;;;;
D;96wellrxnplate;;;83;5;;;;;
W;
A;water;;;;7;;;;;
D;96wellrxnplate;;;84;7;;;;;
W;
A;water;;;;6;;;;;
D;96wellrxnplate;;;85;6;;;;;
W;
A;water;;;;3;;;;;
D;96wellrxnplate;;;86;3;;;;;
W;
A;water;;;;7;;;;;
D;96wellrxnplate;;;87;7;;;;;
W;
A;water;;;;8;;;;;
D;96wellrxnplate;;;88;8;;;;;
W;
A;water;;;;7;;;;;
D;96wellrxnplate;;;89;7;;;;;
W;
A;water;;;;3;;;;;
D;96wellrxnplate;;;90;3;;;;;
W;
A;water;;;;6;;;;;
D;96wellrxnplate;;;91;6;;;;;
W;
A;water;;;;8;;;;;
D;96wellrxnplate;;;92;8;;;;;
W;
A;water;;;;3;;;;;
D;96wellrxnplate;;;93;3;;;;;
W;
A;water;;;;7;;;;;
D;96wellrxnplate;;;94;7;;;;;
W;
A;water;;;;9;;;;;
D;96wellrxnplate;;;95;9;;;;;
W;
